{
	"authHost": "http://s1.davidkohen.com",
	"authEndpoint": "/broadcasting/auth",
	"clients": [
		{
			"appId": "675878584c6121ac",
			"key": "3dd7dc40e086150b1f234e296e0c312c"
		}
	],
	"database": "redis",
	"databaseConfig": {
		"redis": {},
		"sqlite": {
			"databasePath": "/database/laravel-echo-server.sqlite"
		}
	},
	"devMode": false,
	"host": null,
	"port": "2087",
	"protocol": "https",
	"socketio": {},
	"secureOptions": 67108864,
	"sslCertPath": "/etc/letsencrypt/live/s1.davidkohen.com/fullchain.pem",
	"sslKeyPath": "/etc/letsencrypt/live/s1.davidkohen.com/privkey.pem",
	"sslCertChainPath": "",
	"sslPassphrase": "",
	"subscribers": {
		"http": true,
		"redis": true
	},
	"apiOriginAllow": {
		"allowCors": true,
		"allowOrigin": "http://localhost:80",
		"allowMethods": "GET, POST",
		"allowHeaders": "Origin, Content-Type, X-Auth-Token, X-Requested-With, Accept, Authorization, X-CSRF-TOKEN, X-Socket-Id"
	}
}
