{ "_id" : { "$oid" : "602831eadeebbd13de2bd9f2" }, "connection" : "redis", "queue" : "default", "payload" : "{\"uuid\":\"581b09b0-2534-43a5-9cbd-385358bae934\",\"displayName\":\"App\\\\Jobs\\\\MultiplayerNextGame\",\"job\":\"Illuminate\\\\Queue\\\\CallQueuedHandler@call\",\"maxTries\":null,\"maxExceptions\":null,\"delay\":null,\"timeout\":null,\"timeoutAt\":null,\"data\":{\"commandName\":\"App\\\\Jobs\\\\MultiplayerNextGame\",\"command\":\"O:28:\\\"App\\\\Jobs\\\\MultiplayerNextGame\\\":9:{s:34:\\\"\\u0000App\\\\Jobs\\\\MultiplayerNextGame\\u0000game\\\";O:18:\\\"App\\\\Games\\\\BullBear\\\":1:{s:27:\\\"\\u0000App\\\\Games\\\\BullBear\\u0000tickers\\\";a:2:{i:0;O:27:\\\"App\\\\Currency\\\\Native\\\\Bitcoin\\\":0:{}i:1;O:28:\\\"App\\\\Currency\\\\Native\\\\Ethereum\\\":0:{}}}s:3:\\\"job\\\";N;s:10:\\\"connection\\\";N;s:5:\\\"queue\\\";N;s:15:\\\"chainConnection\\\";N;s:10:\\\"chainQueue\\\";N;s:5:\\\"delay\\\";O:25:\\\"Illuminate\\\\Support\\\\Carbon\\\":3:{s:4:\\\"date\\\";s:26:\\\"2021-02-13 20:09:14.010307\\\";s:13:\\\"timezone_type\\\";i:3;s:8:\\\"timezone\\\";s:3:\\\"UTC\\\";}s:10:\\\"middleware\\\";a:0:{}s:7:\\\"chained\\\";a:0:{}}\"},\"id\":\"CPQXayroFQmdyaPE9Pil7LUARZruqdrb\",\"attempts\":0}", "failed_at" : 1613246954, "exception" : "ErrorException: Undefined index: BTC-USD in /var/www/html/app/Games/BullBear.php:56\nStack trace:\n#0 /var/www/html/app/Games/BullBear.php(56): Illuminate\\Foundation\\Bootstrap\\HandleExceptions->handleError()\n#1 /var/www/html/app/Jobs/MultiplayerNextGame.php(39): App\\Games\\BullBear->nextGame()\n#2 [internal function]: App\\Jobs\\MultiplayerNextGame->handle()\n#3 /var/www/html/vendor/laravel/framework/src/Illuminate/Container/BoundMethod.php(37): call_user_func_array()\n#4 /var/www/html/vendor/laravel/framework/src/Illuminate/Container/Util.php(37): Illuminate\\Container\\BoundMethod::Illuminate\\Container\\{closure}()\n#5 /var/www/html/vendor/laravel/framework/src/Illuminate/Container/BoundMethod.php(95): Illuminate\\Container\\Util::unwrapIfClosure()\n#6 /var/www/html/vendor/laravel/framework/src/Illuminate/Container/BoundMethod.php(39): Illuminate\\Container\\BoundMethod::callBoundMethod()\n#7 /var/www/html/vendor/laravel/framework/src/Illuminate/Container/Container.php(592): Illuminate\\Container\\BoundMethod::call()\n#8 /var/www/html/vendor/laravel/framework/src/Illuminate/Bus/Dispatcher.php(94): Illuminate\\Container\\Container->call()\n#9 /var/www/html/vendor/laravel/framework/src/Illuminate/Pipeline/Pipeline.php(128): Illuminate\\Bus\\Dispatcher->Illuminate\\Bus\\{closure}()\n#10 /var/www/html/vendor/laravel/framework/src/Illuminate/Pipeline/Pipeline.php(103): Illuminate\\Pipeline\\Pipeline->Illuminate\\Pipeline\\{closure}()\n#11 /var/www/html/vendor/laravel/framework/src/Illuminate/Bus/Dispatcher.php(98): Illuminate\\Pipeline\\Pipeline->then()\n#12 /var/www/html/vendor/laravel/framework/src/Illuminate/Queue/CallQueuedHandler.php(83): Illuminate\\Bus\\Dispatcher->dispatchNow()\n#13 /var/www/html/vendor/laravel/framework/src/Illuminate/Pipeline/Pipeline.php(128): Illuminate\\Queue\\CallQueuedHandler->Illuminate\\Queue\\{closure}()\n#14 /var/www/html/vendor/laravel/framework/src/Illuminate/Pipeline/Pipeline.php(103): Illuminate\\Pipeline\\Pipeline->Illuminate\\Pipeline\\{closure}()\n#15 /var/www/html/vendor/laravel/framework/src/Illuminate/Queue/CallQueuedHandler.php(85): Illuminate\\Pipeline\\Pipeline->then()\n#16 /var/www/html/vendor/laravel/framework/src/Illuminate/Queue/CallQueuedHandler.php(59): Illuminate\\Queue\\CallQueuedHandler->dispatchThroughMiddleware()\n#17 /var/www/html/vendor/laravel/framework/src/Illuminate/Queue/Jobs/Job.php(98): Illuminate\\Queue\\CallQueuedHandler->call()\n#18 /var/www/html/vendor/laravel/framework/src/Illuminate/Queue/Worker.php(356): Illuminate\\Queue\\Jobs\\Job->fire()\n#19 /var/www/html/vendor/laravel/framework/src/Illuminate/Queue/Worker.php(306): Illuminate\\Queue\\Worker->process()\n#20 /var/www/html/vendor/laravel/framework/src/Illuminate/Queue/Worker.php(265): Illuminate\\Queue\\Worker->runJob()\n#21 /var/www/html/vendor/laravel/framework/src/Illuminate/Queue/Console/WorkCommand.php(112): Illuminate\\Queue\\Worker->runNextJob()\n#22 /var/www/html/vendor/laravel/framework/src/Illuminate/Queue/Console/WorkCommand.php(96): Illuminate\\Queue\\Console\\WorkCommand->runWorker()\n#23 [internal function]: Illuminate\\Queue\\Console\\WorkCommand->handle()\n#24 /var/www/html/vendor/laravel/framework/src/Illuminate/Container/BoundMethod.php(37): call_user_func_array()\n#25 /var/www/html/vendor/laravel/framework/src/Illuminate/Container/Util.php(37): Illuminate\\Container\\BoundMethod::Illuminate\\Container\\{closure}()\n#26 /var/www/html/vendor/laravel/framework/src/Illuminate/Container/BoundMethod.php(95): Illuminate\\Container\\Util::unwrapIfClosure()\n#27 /var/www/html/vendor/laravel/framework/src/Illuminate/Container/BoundMethod.php(39): Illuminate\\Container\\BoundMethod::callBoundMethod()\n#28 /var/www/html/vendor/laravel/framework/src/Illuminate/Container/Container.php(592): Illuminate\\Container\\BoundMethod::call()\n#29 /var/www/html/vendor/laravel/framework/src/Illuminate/Console/Command.php(134): Illuminate\\Container\\Container->call()\n#30 /var/www/html/vendor/symfony/console/Command/Command.php(258): Illuminate\\Console\\Command->execute()\n#31 /var/www/html/vendor/laravel/framework/src/Illuminate/Console/Command.php(121): Symfony\\Component\\Console\\Command\\Command->run()\n#32 /var/www/html/vendor/symfony/console/Application.php(911): Illuminate\\Console\\Command->run()\n#33 /var/www/html/vendor/symfony/console/Application.php(264): Symfony\\Component\\Console\\Application->doRunCommand()\n#34 /var/www/html/vendor/symfony/console/Application.php(140): Symfony\\Component\\Console\\Application->doRun()\n#35 /var/www/html/vendor/laravel/framework/src/Illuminate/Console/Application.php(93): Symfony\\Component\\Console\\Application->run()\n#36 /var/www/html/vendor/laravel/framework/src/Illuminate/Foundation/Console/Kernel.php(129): Illuminate\\Console\\Application->run()\n#37 /var/www/html/artisan(37): Illuminate\\Foundation\\Console\\Kernel->handle()\n#38 {main}" }
