{ "_id" : { "$oid" : "602835122990b7411f2a1a63" }, "id" : 1, "user" : "6028307810b58e1ff5728522", "game" : "mines", "wager" : 3.0E-8, "status" : "lose", "profit" : 0, "server_seed" : "ec01ce23b21b7db9adc07dc3c1a3e84f", "client_seed" : "3af12d198421ea4b487c93a6d6e5c7e8", "nonce" : 1, "multiplier" : 0, "currency" : "native_btc", "data" : "{\"turn\":1,\"history\":[4],\"game_data\":{\"grid\":[0,0,0,0,1,0,0,0,0,0,0,0,0,0,0,0,0,0,1,0,0,0,0,1,0]},\"user_data\":{\"api_id\":\"mines\",\"bet\":3.0e-8,\"currency\":\"native_btc\",\"demo\":false,\"quick\":false,\"data\":{\"mines\":3}}}", "demo" : false, "type" : "extended", "updated_at" : { "$date" : "2021-02-13T20:22:44.272+0000" }, "created_at" : { "$date" : "2021-02-13T20:22:42.349+0000" } }
{ "_id" : { "$oid" : "6028351622677e40666eb683" }, "id" : 2, "user" : "6028307810b58e1ff5728522", "game" : "mines", "wager" : 3.0E-8, "status" : "lose", "profit" : 0, "server_seed" : "f855c453ca0bac0b32e90214108cee96", "client_seed" : "3af12d198421ea4b487c93a6d6e5c7e8", "nonce" : 2, "multiplier" : 2.7904411764705888, "currency" : "native_btc", "data" : "{\"turn\":8,\"history\":[3,16,11,7,1,5,20,19],\"game_data\":{\"grid\":[0,0,0,0,0,0,1,0,0,0,0,0,1,0,0,0,0,0,0,1,0,0,0,0,0],\"0\":3,\"1\":16,\"2\":11,\"3\":7,\"4\":1,\"5\":5,\"6\":20},\"user_data\":{\"api_id\":\"mines\",\"bet\":3.0e-8,\"currency\":\"native_btc\",\"demo\":false,\"quick\":false,\"data\":{\"mines\":3}}}", "demo" : false, "type" : "extended", "updated_at" : { "$date" : "2021-02-13T20:22:54.034+0000" }, "created_at" : { "$date" : "2021-02-13T20:22:46.910+0000" } }
{ "_id" : { "$oid" : "6028352f958ad8455747c193" }, "id" : 3, "user" : "6028307810b58e1ff5728522", "game" : "dice", "wager" : 1.0E-8, "multiplier" : 0.0, "status" : "lose", "profit" : 0.0, "server_seed" : "db7227017a8c6e1715a34e5abf57adf5", "client_seed" : "3af12d198421ea4b487c93a6d6e5c7e8", "nonce" : 3, "data" : "{\"target\":\"lower\",\"low\":0,\"high\":50,\"value\":63}", "type" : "quick", "currency" : "native_btc", "updated_at" : { "$date" : "2021-02-13T20:23:11.940+0000" }, "created_at" : { "$date" : "2021-02-13T20:23:11.940+0000" } }
{ "_id" : { "$oid" : "60283533a3120f0b0960b104" }, "id" : 4, "user" : "6028307810b58e1ff5728522", "game" : "dice", "wager" : 1.0E-8, "multiplier" : 1.98, "status" : "win", "profit" : 1.98E-8, "server_seed" : "d8ed26b2a2dfd894a76ddea49551faa8", "client_seed" : "3af12d198421ea4b487c93a6d6e5c7e8", "nonce" : 4, "data" : "{\"target\":\"lower\",\"low\":0,\"high\":50,\"value\":32}", "type" : "quick", "currency" : "native_btc", "updated_at" : { "$date" : "2021-02-13T20:23:15.057+0000" }, "created_at" : { "$date" : "2021-02-13T20:23:15.057+0000" } }
{ "_id" : { "$oid" : "602835342e198d42893e2d83" }, "id" : 5, "user" : "6028307810b58e1ff5728522", "game" : "dice", "wager" : 1.0E-8, "multiplier" : 0.0, "status" : "lose", "profit" : 0.0, "server_seed" : "17229bd588248192eab1766c17292012", "client_seed" : "3af12d198421ea4b487c93a6d6e5c7e8", "nonce" : 5, "data" : "{\"target\":\"lower\",\"low\":0,\"high\":50,\"value\":110}", "type" : "quick", "currency" : "native_btc", "updated_at" : { "$date" : "2021-02-13T20:23:16.951+0000" }, "created_at" : { "$date" : "2021-02-13T20:23:16.951+0000" } }
{ "_id" : { "$oid" : "602835364cddb61d8220f4c3" }, "id" : 6, "user" : "6028307810b58e1ff5728522", "game" : "dice", "wager" : 1.0E-8, "multiplier" : 0.0, "status" : "lose", "profit" : 0.0, "server_seed" : "c6a561696601b1267019a4506e2435f7", "client_seed" : "3af12d198421ea4b487c93a6d6e5c7e8", "nonce" : 6, "data" : "{\"target\":\"lower\",\"low\":0,\"high\":50,\"value\":91}", "type" : "quick", "currency" : "native_btc", "updated_at" : { "$date" : "2021-02-13T20:23:18.352+0000" }, "created_at" : { "$date" : "2021-02-13T20:23:18.352+0000" } }
{ "_id" : { "$oid" : "6028353772ba9d19f032b893" }, "id" : 7, "user" : "6028307810b58e1ff5728522", "game" : "dice", "wager" : 1.0E-8, "multiplier" : 0.0, "status" : "lose", "profit" : 0.0, "server_seed" : "6a3f99f3de22c824a301be2e0661ca04", "client_seed" : "3af12d198421ea4b487c93a6d6e5c7e8", "nonce" : 7, "data" : "{\"target\":\"lower\",\"low\":0,\"high\":50,\"value\":94}", "type" : "quick", "currency" : "native_btc", "updated_at" : { "$date" : "2021-02-13T20:23:19.721+0000" }, "created_at" : { "$date" : "2021-02-13T20:23:19.721+0000" } }
{ "_id" : { "$oid" : "60283544c311bd1a99060793" }, "id" : 8, "user" : "6028307810b58e1ff5728522", "game" : "wheel", "wager" : 2.0E-8, "multiplier" : 0.0, "status" : "lose", "profit" : 0.0, "server_seed" : "8d1c310bc823bb2e17787a8639a083b8", "client_seed" : "3af12d198421ea4b487c93a6d6e5c7e8", "nonce" : 8, "data" : "{\"target\":\"red\",\"mode\":\"double\",\"segment\":2,\"color\":\"black\"}", "type" : "quick", "currency" : "native_btc", "updated_at" : { "$date" : "2021-02-13T20:23:32.026+0000" }, "created_at" : { "$date" : "2021-02-13T20:23:32.026+0000" } }
{ "_id" : { "$oid" : "6028356527b1a51a5d217704" }, "id" : 9, "user" : "6028307810b58e1ff5728522", "game" : "wheel", "wager" : 2.0E-8, "multiplier" : 2.0, "status" : "win", "profit" : 4.0E-8, "server_seed" : "2e73b496f9a5e4849da9b4f9334e798f", "client_seed" : "3af12d198421ea4b487c93a6d6e5c7e8", "nonce" : 9, "data" : "{\"target\":\"red\",\"mode\":\"double\",\"segment\":7,\"color\":\"red\"}", "type" : "quick", "currency" : "native_btc", "updated_at" : { "$date" : "2021-02-13T20:24:05.465+0000" }, "created_at" : { "$date" : "2021-02-13T20:24:05.465+0000" } }
{ "_id" : { "$oid" : "60283578065ebb4dd743c0f4" }, "id" : 10, "user" : "6028307810b58e1ff5728522", "game" : "plinko", "wager" : 1.001E-5, "multiplier" : 2.1, "status" : "win", "profit" : 2.1021E-5, "server_seed" : "ed251c0089a7fcd16bcdcc4ab9447cf3", "client_seed" : "3af12d198421ea4b487c93a6d6e5c7e8", "nonce" : 10, "data" : "{\"difficulty\":\"low\",\"pins\":8,\"bucket\":1,\"delay\":2880}", "type" : "quick", "currency" : "native_btc", "updated_at" : { "$date" : "2021-02-13T20:24:24.333+0000" }, "created_at" : { "$date" : "2021-02-13T20:24:24.333+0000" } }
{ "_id" : { "$oid" : "6028357c57670931cb32bba4" }, "id" : 11, "user" : "6028307810b58e1ff5728522", "game" : "plinko", "wager" : 1.001E-5, "multiplier" : 1.0, "status" : "win", "profit" : 1.001E-5, "server_seed" : "579d203844980245c7bab9f62823fdc8", "client_seed" : "3af12d198421ea4b487c93a6d6e5c7e8", "nonce" : 11, "data" : "{\"difficulty\":\"low\",\"pins\":8,\"bucket\":5,\"delay\":2880}", "type" : "quick", "currency" : "native_btc", "updated_at" : { "$date" : "2021-02-13T20:24:28.531+0000" }, "created_at" : { "$date" : "2021-02-13T20:24:28.531+0000" } }
{ "_id" : { "$oid" : "6028357de12ac4467676c5b4" }, "id" : 12, "user" : "6028307810b58e1ff5728522", "game" : "plinko", "wager" : 1.001E-5, "multiplier" : 0.5, "status" : "lose", "profit" : 5.005E-6, "server_seed" : "0df8711bf69085428620fa0234aa2559", "client_seed" : "3af12d198421ea4b487c93a6d6e5c7e8", "nonce" : 12, "data" : "{\"difficulty\":\"low\",\"pins\":8,\"bucket\":4,\"delay\":2880}", "type" : "quick", "currency" : "native_btc", "updated_at" : { "$date" : "2021-02-13T20:24:29.167+0000" }, "created_at" : { "$date" : "2021-02-13T20:24:29.167+0000" } }
{ "_id" : { "$oid" : "6028359f1cfcd33eb642c3f4" }, "id" : 13, "user" : "6028307810b58e1ff5728522", "game" : "plinko", "wager" : 1.001E-5, "multiplier" : 0.7, "status" : "lose", "profit" : 7.007E-6, "server_seed" : "cd291d6761fee68efc2fe5a48ee4c45a", "client_seed" : "3af12d198421ea4b487c93a6d6e5c7e8", "nonce" : 13, "data" : "{\"difficulty\":\"high\",\"pins\":12,\"bucket\":4,\"delay\":4320}", "type" : "quick", "currency" : "native_btc", "updated_at" : { "$date" : "2021-02-13T20:25:03.466+0000" }, "created_at" : { "$date" : "2021-02-13T20:25:03.466+0000" } }
{ "_id" : { "$oid" : "602835a00bda652af4710244" }, "id" : 14, "user" : "6028307810b58e1ff5728522", "game" : "plinko", "wager" : 1.001E-5, "multiplier" : 0.2, "status" : "lose", "profit" : 2.002E-6, "server_seed" : "586bcf5268e679289c0f6f9b00aa7783", "client_seed" : "3af12d198421ea4b487c93a6d6e5c7e8", "nonce" : 14, "data" : "{\"difficulty\":\"high\",\"pins\":12,\"bucket\":5,\"delay\":4320}", "type" : "quick", "currency" : "native_btc", "updated_at" : { "$date" : "2021-02-13T20:25:04.385+0000" }, "created_at" : { "$date" : "2021-02-13T20:25:04.385+0000" } }
{ "_id" : { "$oid" : "602835a01bfb3723066285b4" }, "id" : 15, "user" : "6028307810b58e1ff5728522", "game" : "plinko", "wager" : 1.001E-5, "multiplier" : 0.2, "status" : "lose", "profit" : 2.002E-6, "server_seed" : "9cdd2c56e7b52eb5adf35660415d3693", "client_seed" : "3af12d198421ea4b487c93a6d6e5c7e8", "nonce" : 15, "data" : "{\"difficulty\":\"high\",\"pins\":12,\"bucket\":7,\"delay\":4320}", "type" : "quick", "currency" : "native_btc", "updated_at" : { "$date" : "2021-02-13T20:25:04.957+0000" }, "created_at" : { "$date" : "2021-02-13T20:25:04.957+0000" } }
{ "_id" : { "$oid" : "602835a2c0f67a447c7ff1f4" }, "id" : 16, "user" : "6028307810b58e1ff5728522", "game" : "plinko", "wager" : 1.001E-5, "multiplier" : 0.2, "status" : "lose", "profit" : 2.002E-6, "server_seed" : "0570dbca0aafa87972e55eec2ceee88b", "client_seed" : "3af12d198421ea4b487c93a6d6e5c7e8", "nonce" : 16, "data" : "{\"difficulty\":\"high\",\"pins\":12,\"bucket\":6,\"delay\":4320}", "type" : "quick", "currency" : "native_btc", "updated_at" : { "$date" : "2021-02-13T20:25:06.189+0000" }, "created_at" : { "$date" : "2021-02-13T20:25:06.189+0000" } }
{ "_id" : { "$oid" : "602835a20a532439617a7dc4" }, "id" : 17, "user" : "6028307810b58e1ff5728522", "game" : "plinko", "wager" : 1.001E-5, "multiplier" : 0.2, "status" : "lose", "profit" : 2.002E-6, "server_seed" : "4a9342d498a21cacfaeb5f18fc7eabe6", "client_seed" : "3af12d198421ea4b487c93a6d6e5c7e8", "nonce" : 17, "data" : "{\"difficulty\":\"high\",\"pins\":12,\"bucket\":7,\"delay\":4320}", "type" : "quick", "currency" : "native_btc", "updated_at" : { "$date" : "2021-02-13T20:25:06.667+0000" }, "created_at" : { "$date" : "2021-02-13T20:25:06.667+0000" } }
{ "_id" : { "$oid" : "602835a39d72a000c367c824" }, "id" : 18, "user" : "6028307810b58e1ff5728522", "game" : "plinko", "wager" : 1.001E-5, "multiplier" : 0.7, "status" : "lose", "profit" : 7.007E-6, "server_seed" : "241e0db293996a60cda36758f5f6b1dc", "client_seed" : "3af12d198421ea4b487c93a6d6e5c7e8", "nonce" : 18, "data" : "{\"difficulty\":\"high\",\"pins\":12,\"bucket\":4,\"delay\":4320}", "type" : "quick", "currency" : "native_btc", "updated_at" : { "$date" : "2021-02-13T20:25:07.353+0000" }, "created_at" : { "$date" : "2021-02-13T20:25:07.353+0000" } }
{ "_id" : { "$oid" : "602835aad077791aad308aa4" }, "id" : 19, "user" : "6028307810b58e1ff5728522", "game" : "plinko", "wager" : 1.001E-5, "multiplier" : 0.2, "status" : "lose", "profit" : 2.002E-6, "server_seed" : "6e629c86bf95fd815f5ec64a3b95bd87", "client_seed" : "3af12d198421ea4b487c93a6d6e5c7e8", "nonce" : 19, "data" : "{\"difficulty\":\"high\",\"pins\":12,\"bucket\":7,\"delay\":4320}", "type" : "quick", "currency" : "native_btc", "updated_at" : { "$date" : "2021-02-13T20:25:14.360+0000" }, "created_at" : { "$date" : "2021-02-13T20:25:14.360+0000" } }
{ "_id" : { "$oid" : "602835add79bbe44941f4ea4" }, "id" : 20, "user" : "6028307810b58e1ff5728522", "game" : "plinko", "wager" : 1.001E-5, "multiplier" : 0.2, "status" : "lose", "profit" : 2.002E-6, "server_seed" : "2de53936d045ee4e8941ce6bee13948e", "client_seed" : "3af12d198421ea4b487c93a6d6e5c7e8", "nonce" : 20, "data" : "{\"difficulty\":\"high\",\"pins\":12,\"bucket\":5,\"delay\":4320}", "type" : "quick", "currency" : "native_btc", "updated_at" : { "$date" : "2021-02-13T20:25:17.224+0000" }, "created_at" : { "$date" : "2021-02-13T20:25:17.224+0000" } }
{ "_id" : { "$oid" : "602835ae55e19962bb795584" }, "id" : 21, "user" : "6028307810b58e1ff5728522", "game" : "plinko", "wager" : 1.001E-5, "multiplier" : 0.2, "status" : "lose", "profit" : 2.002E-6, "server_seed" : "be904fa6524c00a53eae07f11fd30085", "client_seed" : "3af12d198421ea4b487c93a6d6e5c7e8", "nonce" : 21, "data" : "{\"difficulty\":\"high\",\"pins\":12,\"bucket\":7,\"delay\":4320}", "type" : "quick", "currency" : "native_btc", "updated_at" : { "$date" : "2021-02-13T20:25:18.276+0000" }, "created_at" : { "$date" : "2021-02-13T20:25:18.276+0000" } }
{ "_id" : { "$oid" : "602835af1dd72e3c545978f4" }, "id" : 22, "user" : "6028307810b58e1ff5728522", "game" : "plinko", "wager" : 1.001E-5, "multiplier" : 0.7, "status" : "lose", "profit" : 7.007E-6, "server_seed" : "4cbe7111e091236f87f7405fce225762", "client_seed" : "3af12d198421ea4b487c93a6d6e5c7e8", "nonce" : 22, "data" : "{\"difficulty\":\"high\",\"pins\":12,\"bucket\":8,\"delay\":4320}", "type" : "quick", "currency" : "native_btc", "updated_at" : { "$date" : "2021-02-13T20:25:19.185+0000" }, "created_at" : { "$date" : "2021-02-13T20:25:19.185+0000" } }
{ "_id" : { "$oid" : "602835b00a86174ba617fad4" }, "id" : 23, "user" : "6028307810b58e1ff5728522", "game" : "plinko", "wager" : 1.001E-5, "multiplier" : 2.0, "status" : "win", "profit" : 2.002E-5, "server_seed" : "478375392d4caa5cc40e49171de02976", "client_seed" : "3af12d198421ea4b487c93a6d6e5c7e8", "nonce" : 23, "data" : "{\"difficulty\":\"high\",\"pins\":12,\"bucket\":3,\"delay\":4320}", "type" : "quick", "currency" : "native_btc", "updated_at" : { "$date" : "2021-02-13T20:25:20.111+0000" }, "created_at" : { "$date" : "2021-02-13T20:25:20.111+0000" } }
{ "_id" : { "$oid" : "602835b0354847289c4a3114" }, "id" : 24, "user" : "6028307810b58e1ff5728522", "game" : "plinko", "wager" : 1.001E-5, "multiplier" : 0.2, "status" : "lose", "profit" : 2.002E-6, "server_seed" : "1fd790f28597263b4525631ae3474083", "client_seed" : "3af12d198421ea4b487c93a6d6e5c7e8", "nonce" : 24, "data" : "{\"difficulty\":\"high\",\"pins\":12,\"bucket\":7,\"delay\":4320}", "type" : "quick", "currency" : "native_btc", "updated_at" : { "$date" : "2021-02-13T20:25:20.736+0000" }, "created_at" : { "$date" : "2021-02-13T20:25:20.736+0000" } }
{ "_id" : { "$oid" : "602835be5a3ca72de640cea3" }, "id" : 25, "user" : "6028307810b58e1ff5728522", "game" : "coinflip", "wager" : 1.0E-7, "status" : "win", "profit" : 1.8999999999999998E-7, "server_seed" : "a0284a4bf796ee57695f1d34aacacf57", "client_seed" : "3af12d198421ea4b487c93a6d6e5c7e8", "nonce" : 25, "multiplier" : 1.9, "currency" : "native_btc", "data" : "{\"turn\":1,\"history\":[\"yellow\"],\"game_data\":[\"yellow\"],\"user_data\":{\"api_id\":\"coinflip\",\"bet\":1.0e-7,\"currency\":\"native_btc\",\"demo\":false,\"quick\":false,\"data\":[]}}", "demo" : false, "type" : "extended", "updated_at" : { "$date" : "2021-02-13T20:25:40.184+0000" }, "created_at" : { "$date" : "2021-02-13T20:25:34.880+0000" } }
{ "_id" : { "$oid" : "602835c593ec4c418c542943" }, "id" : 26, "user" : "6028307810b58e1ff5728522", "game" : "coinflip", "wager" : 1.0E-7, "status" : "cancelled", "profit" : 0, "server_seed" : "97896da04957b2a4680f0acc5704aa1a", "client_seed" : "3af12d198421ea4b487c93a6d6e5c7e8", "nonce" : 26, "multiplier" : 0, "currency" : "native_btc", "data" : "{\"turn\":0,\"history\":[],\"game_data\":[],\"user_data\":{\"api_id\":\"coinflip\",\"bet\":1.0e-7,\"currency\":\"native_btc\",\"demo\":false,\"quick\":false,\"data\":[]}}", "demo" : false, "type" : "extended", "updated_at" : { "$date" : "2021-02-13T20:25:47.821+0000" }, "created_at" : { "$date" : "2021-02-13T20:25:41.891+0000" } }
{ "_id" : { "$oid" : "602835cd9ab64c355c2e27d3" }, "id" : 27, "user" : "6028307810b58e1ff5728522", "game" : "coinflip", "wager" : 1.0E-7, "status" : "win", "profit" : 1.8999999999999998E-7, "server_seed" : "af997d59506e1270d1861a4caefaa64f", "client_seed" : "3af12d198421ea4b487c93a6d6e5c7e8", "nonce" : 27, "multiplier" : 1.9, "currency" : "native_btc", "data" : "{\"turn\":1,\"history\":[\"blue\"],\"game_data\":[\"blue\"],\"user_data\":{\"api_id\":\"coinflip\",\"bet\":1.0e-7,\"currency\":\"native_btc\",\"demo\":false,\"quick\":false,\"data\":[]}}", "demo" : false, "type" : "extended", "updated_at" : { "$date" : "2021-02-13T20:25:57.659+0000" }, "created_at" : { "$date" : "2021-02-13T20:25:49.399+0000" } }
{ "_id" : { "$oid" : "602835d636ec7f613e62eff3" }, "id" : 28, "user" : "6028307810b58e1ff5728522", "game" : "coinflip", "wager" : 1.0E-7, "status" : "in-progress", "profit" : 0, "server_seed" : "9c6efd1e21209e207ce0b487ce99b19f", "client_seed" : "3af12d198421ea4b487c93a6d6e5c7e8", "nonce" : 28, "multiplier" : 0, "currency" : "native_btc", "data" : "{\"turn\":0,\"history\":[],\"game_data\":[],\"user_data\":{\"api_id\":\"coinflip\",\"bet\":1.0e-7,\"currency\":\"native_btc\",\"demo\":false,\"quick\":false,\"data\":[]}}", "demo" : false, "type" : "extended", "updated_at" : { "$date" : "2021-02-13T20:25:58.840+0000" }, "created_at" : { "$date" : "2021-02-13T20:25:58.840+0000" } }
{ "_id" : { "$oid" : "602835e48c5fc03d594ec323" }, "id" : 29, "user" : "6028307810b58e1ff5728522", "game" : "blackjack", "wager" : 2.0E-6, "status" : "win", "profit" : 4.0E-6, "server_seed" : "09ffefeb068cc5c794e3b58e271557cd", "client_seed" : "3af12d198421ea4b487c93a6d6e5c7e8", "nonce" : 29, "multiplier" : 2.0, "currency" : "native_btc", "data" : "{\"turn\":4,\"history\":[],\"game_data\":{\"index\":6,\"player\":[{\"index\":19,\"type\":\"hearts\",\"value\":\"7\",\"blackjack_value\":7,\"hidden\":false},{\"index\":43,\"type\":\"diamonds\",\"value\":\"5\",\"blackjack_value\":5,\"hidden\":false},{\"index\":46,\"type\":\"diamonds\",\"value\":\"8\",\"blackjack_value\":8,\"hidden\":false}],\"dealer\":[{\"index\":43,\"type\":\"diamonds\",\"value\":\"5\",\"blackjack_value\":5,\"hidden\":false},{\"index\":47,\"type\":\"diamonds\",\"value\":\"9\",\"blackjack_value\":9,\"hidden\":false},{\"index\":17,\"type\":\"hearts\",\"value\":\"5\",\"blackjack_value\":5,\"hidden\":false}],\"split\":[],\"currentHand\":0},\"user_data\":{\"api_id\":\"blackjack\",\"bet\":1.0e-6,\"currency\":\"native_btc\",\"demo\":false,\"quick\":false,\"data\":[],\"player\":[{\"index\":19,\"type\":\"hearts\",\"value\":\"7\",\"blackjack_value\":7,\"hidden\":false},{\"index\":43,\"type\":\"diamonds\",\"value\":\"5\",\"blackjack_value\":5,\"hidden\":false},{\"index\":46,\"type\":\"diamonds\",\"value\":\"8\",\"blackjack_value\":8,\"hidden\":false}],\"dealer\":[{\"index\":43,\"type\":\"diamonds\",\"value\":\"5\",\"blackjack_value\":5,\"hidden\":false},{\"index\":47,\"type\":\"diamonds\",\"value\":\"9\",\"blackjack_value\":9,\"hidden\":false},{\"index\":17,\"type\":\"hearts\",\"value\":\"5\",\"blackjack_value\":5,\"hidden\":false}],\"split\":[],\"currentHand\":0}}", "demo" : false, "type" : "extended", "updated_at" : { "$date" : "2021-02-13T20:26:39.027+0000" }, "created_at" : { "$date" : "2021-02-13T20:26:12.171+0000" } }
{ "_id" : { "$oid" : "602836024c10e12b9331d643" }, "id" : 30, "user" : "6028307810b58e1ff5728522", "game" : "blackjack", "wager" : 1.0E-6, "status" : "in-progress", "profit" : 0, "server_seed" : "398400f172ad91266a76119cf6a4c406", "client_seed" : "3af12d198421ea4b487c93a6d6e5c7e8", "nonce" : 30, "multiplier" : 0, "currency" : "native_btc", "data" : "{\"turn\":1,\"history\":[],\"game_data\":{\"index\":4,\"player\":[{\"index\":33,\"type\":\"clubs\",\"value\":\"8\",\"blackjack_value\":8,\"hidden\":false},{\"index\":28,\"type\":\"clubs\",\"value\":\"3\",\"blackjack_value\":3,\"hidden\":false}],\"dealer\":[{\"index\":19,\"type\":\"hearts\",\"value\":\"7\",\"blackjack_value\":7,\"hidden\":false},{\"index\":51,\"type\":\"diamonds\",\"value\":\"K\",\"blackjack_value\":10,\"hidden\":true}],\"split\":[],\"currentHand\":0},\"user_data\":{\"api_id\":\"blackjack\",\"bet\":1.0e-6,\"currency\":\"native_btc\",\"demo\":false,\"quick\":false,\"data\":[],\"player\":[{\"index\":33,\"type\":\"clubs\",\"value\":\"8\",\"blackjack_value\":8,\"hidden\":false},{\"index\":28,\"type\":\"clubs\",\"value\":\"3\",\"blackjack_value\":3,\"hidden\":false}],\"dealer\":[{\"index\":19,\"type\":\"hearts\",\"value\":\"7\",\"blackjack_value\":7,\"hidden\":false},{\"index\":51,\"type\":\"diamonds\",\"value\":\"K\",\"blackjack_value\":10,\"hidden\":true}],\"split\":[],\"currentHand\":0}}", "demo" : false, "type" : "extended", "updated_at" : { "$date" : "2021-02-13T20:26:42.507+0000" }, "created_at" : { "$date" : "2021-02-13T20:26:42.069+0000" } }
{ "_id" : { "$oid" : "6029a4ed5b54802b8358ec44" }, "id" : 31, "user" : "6028307810b58e1ff5728522", "game" : "plinko", "wager" : 0.00137109, "multiplier" : 1.0, "status" : "win", "profit" : 0.00137109, "server_seed" : "465349fc1ee6657c4b0fb9cc790d3048", "client_seed" : "3af12d198421ea4b487c93a6d6e5c7e8", "nonce" : 31, "data" : "{\"difficulty\":\"low\",\"pins\":8,\"bucket\":5,\"delay\":2880}", "type" : "quick", "currency" : "native_btc", "updated_at" : { "$date" : "2021-02-14T22:32:13.256+0000" }, "created_at" : { "$date" : "2021-02-14T22:32:13.256+0000" } }
{ "_id" : { "$oid" : "6029a4ef3dfed3312b7c8fb4" }, "id" : 32, "user" : "6028307810b58e1ff5728522", "game" : "plinko", "wager" : 0.00137109, "multiplier" : 0.5, "status" : "lose", "profit" : 6.85545E-4, "server_seed" : "6e8deecf0e397ff6f49767c1f42c384e", "client_seed" : "3af12d198421ea4b487c93a6d6e5c7e8", "nonce" : 32, "data" : "{\"difficulty\":\"low\",\"pins\":8,\"bucket\":4,\"delay\":2880}", "type" : "quick", "currency" : "native_btc", "updated_at" : { "$date" : "2021-02-14T22:32:15.129+0000" }, "created_at" : { "$date" : "2021-02-14T22:32:15.129+0000" } }
{ "_id" : { "$oid" : "6029a4f3817fda237f50b2f4" }, "id" : 33, "user" : "6028307810b58e1ff5728522", "game" : "plinko", "wager" : 0.00137109, "multiplier" : 1.0, "status" : "win", "profit" : 0.00137109, "server_seed" : "439601b3192bf57ed223adf10521230a", "client_seed" : "3af12d198421ea4b487c93a6d6e5c7e8", "nonce" : 33, "data" : "{\"difficulty\":\"low\",\"pins\":8,\"bucket\":5,\"delay\":2880}", "type" : "quick", "currency" : "native_btc", "updated_at" : { "$date" : "2021-02-14T22:32:19.069+0000" }, "created_at" : { "$date" : "2021-02-14T22:32:19.069+0000" } }
{ "_id" : { "$oid" : "6029a4f32d36f500384b22d4" }, "id" : 34, "user" : "6028307810b58e1ff5728522", "game" : "plinko", "wager" : 0.00137109, "multiplier" : 1.0, "status" : "win", "profit" : 0.00137109, "server_seed" : "9c23ebd317f9178013202d19f3f2e615", "client_seed" : "3af12d198421ea4b487c93a6d6e5c7e8", "nonce" : 34, "data" : "{\"difficulty\":\"low\",\"pins\":8,\"bucket\":5,\"delay\":2880}", "type" : "quick", "currency" : "native_btc", "updated_at" : { "$date" : "2021-02-14T22:32:19.651+0000" }, "created_at" : { "$date" : "2021-02-14T22:32:19.651+0000" } }
{ "_id" : { "$oid" : "6029a4f4cb663e6ad4561b54" }, "id" : 35, "user" : "6028307810b58e1ff5728522", "game" : "plinko", "wager" : 0.00137109, "multiplier" : 1.0, "status" : "win", "profit" : 0.00137109, "server_seed" : "68487b8257c85abe5d1acce4a99b1d94", "client_seed" : "3af12d198421ea4b487c93a6d6e5c7e8", "nonce" : 35, "data" : "{\"difficulty\":\"low\",\"pins\":8,\"bucket\":3,\"delay\":2880}", "type" : "quick", "currency" : "native_btc", "updated_at" : { "$date" : "2021-02-14T22:32:20.197+0000" }, "created_at" : { "$date" : "2021-02-14T22:32:20.197+0000" } }
{ "_id" : { "$oid" : "6029a4f722774e28d66b5f04" }, "id" : 36, "user" : "6028307810b58e1ff5728522", "game" : "plinko", "wager" : 0.00137109, "multiplier" : 0.5, "status" : "lose", "profit" : 6.85545E-4, "server_seed" : "5f0747a9471ab6d4589d857dd5121681", "client_seed" : "3af12d198421ea4b487c93a6d6e5c7e8", "nonce" : 36, "data" : "{\"difficulty\":\"low\",\"pins\":8,\"bucket\":4,\"delay\":2880}", "type" : "quick", "currency" : "native_btc", "updated_at" : { "$date" : "2021-02-14T22:32:23.742+0000" }, "created_at" : { "$date" : "2021-02-14T22:32:23.742+0000" } }
{ "_id" : { "$oid" : "6029a4f82cc8514fb85337c4" }, "id" : 37, "user" : "6028307810b58e1ff5728522", "game" : "plinko", "wager" : 0.00137109, "multiplier" : 0.5, "status" : "lose", "profit" : 6.85545E-4, "server_seed" : "a7bb81c8db6e7ccdbea202fb2afe6d4f", "client_seed" : "3af12d198421ea4b487c93a6d6e5c7e8", "nonce" : 37, "data" : "{\"difficulty\":\"low\",\"pins\":8,\"bucket\":4,\"delay\":2880}", "type" : "quick", "currency" : "native_btc", "updated_at" : { "$date" : "2021-02-14T22:32:24.292+0000" }, "created_at" : { "$date" : "2021-02-14T22:32:24.292+0000" } }
{ "_id" : { "$oid" : "6029a4f899234711786fc174" }, "id" : 38, "user" : "6028307810b58e1ff5728522", "game" : "plinko", "wager" : 0.00137109, "multiplier" : 1.1, "status" : "win", "profit" : 0.001508199, "server_seed" : "ce05d0b98448fb2452ffb682d32b1f74", "client_seed" : "3af12d198421ea4b487c93a6d6e5c7e8", "nonce" : 38, "data" : "{\"difficulty\":\"low\",\"pins\":8,\"bucket\":2,\"delay\":2880}", "type" : "quick", "currency" : "native_btc", "updated_at" : { "$date" : "2021-02-14T22:32:24.838+0000" }, "created_at" : { "$date" : "2021-02-14T22:32:24.838+0000" } }
{ "_id" : { "$oid" : "6029a4f93aeca435463a6874" }, "id" : 39, "user" : "6028307810b58e1ff5728522", "game" : "plinko", "wager" : 0.00137109, "multiplier" : 0.5, "status" : "lose", "profit" : 6.85545E-4, "server_seed" : "61428fd10f51169423da7dd9040cffc2", "client_seed" : "3af12d198421ea4b487c93a6d6e5c7e8", "nonce" : 39, "data" : "{\"difficulty\":\"low\",\"pins\":8,\"bucket\":4,\"delay\":2880}", "type" : "quick", "currency" : "native_btc", "updated_at" : { "$date" : "2021-02-14T22:32:25.387+0000" }, "created_at" : { "$date" : "2021-02-14T22:32:25.387+0000" } }
{ "_id" : { "$oid" : "6029a4f987b3ec46a4044024" }, "id" : 40, "user" : "6028307810b58e1ff5728522", "game" : "plinko", "wager" : 0.00137109, "multiplier" : 2.1, "status" : "win", "profit" : 0.002879289, "server_seed" : "96c032441918b26a34fb97e53f3f18b0", "client_seed" : "3af12d198421ea4b487c93a6d6e5c7e8", "nonce" : 40, "data" : "{\"difficulty\":\"low\",\"pins\":8,\"bucket\":7,\"delay\":2880}", "type" : "quick", "currency" : "native_btc", "updated_at" : { "$date" : "2021-02-14T22:32:25.919+0000" }, "created_at" : { "$date" : "2021-02-14T22:32:25.919+0000" } }
{ "_id" : { "$oid" : "6029a4fa8d2d17642378d444" }, "id" : 41, "user" : "6028307810b58e1ff5728522", "game" : "plinko", "wager" : 0.00137109, "multiplier" : 0.5, "status" : "lose", "profit" : 6.85545E-4, "server_seed" : "b67ae82493ecd61856a9607355ce6524", "client_seed" : "3af12d198421ea4b487c93a6d6e5c7e8", "nonce" : 41, "data" : "{\"difficulty\":\"low\",\"pins\":8,\"bucket\":4,\"delay\":2880}", "type" : "quick", "currency" : "native_btc", "updated_at" : { "$date" : "2021-02-14T22:32:26.445+0000" }, "created_at" : { "$date" : "2021-02-14T22:32:26.445+0000" } }
{ "_id" : { "$oid" : "6029a4fad16d28162c693544" }, "id" : 42, "user" : "6028307810b58e1ff5728522", "game" : "plinko", "wager" : 0.00137109, "multiplier" : 1.0, "status" : "win", "profit" : 0.00137109, "server_seed" : "dd4c6755bd132c7dbbde7f912817f1cf", "client_seed" : "3af12d198421ea4b487c93a6d6e5c7e8", "nonce" : 42, "data" : "{\"difficulty\":\"low\",\"pins\":8,\"bucket\":3,\"delay\":2880}", "type" : "quick", "currency" : "native_btc", "updated_at" : { "$date" : "2021-02-14T22:32:26.835+0000" }, "created_at" : { "$date" : "2021-02-14T22:32:26.835+0000" } }
{ "_id" : { "$oid" : "6029a4ff5f6599768613be64" }, "id" : 43, "user" : "6028307810b58e1ff5728522", "game" : "plinko", "wager" : 0.00137109, "multiplier" : 1.0, "status" : "win", "profit" : 0.00137109, "server_seed" : "2e094c6eec0bda660d04efabdc1ed092", "client_seed" : "3af12d198421ea4b487c93a6d6e5c7e8", "nonce" : 43, "data" : "{\"difficulty\":\"low\",\"pins\":8,\"bucket\":5,\"delay\":2880}", "type" : "quick", "currency" : "native_btc", "updated_at" : { "$date" : "2021-02-14T22:32:31.414+0000" }, "created_at" : { "$date" : "2021-02-14T22:32:31.414+0000" } }
{ "_id" : { "$oid" : "6029a4ff74588354d952bf24" }, "id" : 44, "user" : "6028307810b58e1ff5728522", "game" : "plinko", "wager" : 0.00137109, "multiplier" : 1.0, "status" : "win", "profit" : 0.00137109, "server_seed" : "fb36893b09c1258e9a98adef063f62f6", "client_seed" : "3af12d198421ea4b487c93a6d6e5c7e8", "nonce" : 44, "data" : "{\"difficulty\":\"low\",\"pins\":8,\"bucket\":3,\"delay\":2880}", "type" : "quick", "currency" : "native_btc", "updated_at" : { "$date" : "2021-02-14T22:32:31.970+0000" }, "created_at" : { "$date" : "2021-02-14T22:32:31.970+0000" } }
{ "_id" : { "$oid" : "6029a500a4cb4c0fb45de684" }, "id" : 45, "user" : "6028307810b58e1ff5728522", "game" : "plinko", "wager" : 0.00137109, "multiplier" : 1.1, "status" : "win", "profit" : 0.001508199, "server_seed" : "f8d1345201ae792d7b53c90173d61d2a", "client_seed" : "3af12d198421ea4b487c93a6d6e5c7e8", "nonce" : 45, "data" : "{\"difficulty\":\"low\",\"pins\":8,\"bucket\":6,\"delay\":2880}", "type" : "quick", "currency" : "native_btc", "updated_at" : { "$date" : "2021-02-14T22:32:32.682+0000" }, "created_at" : { "$date" : "2021-02-14T22:32:32.682+0000" } }
{ "_id" : { "$oid" : "6029a501c7e3bb68e8496224" }, "id" : 46, "user" : "6028307810b58e1ff5728522", "game" : "plinko", "wager" : 0.00137109, "multiplier" : 1.1, "status" : "win", "profit" : 0.001508199, "server_seed" : "2e919f79bcacec031ac8056fb27e5eec", "client_seed" : "3af12d198421ea4b487c93a6d6e5c7e8", "nonce" : 46, "data" : "{\"difficulty\":\"low\",\"pins\":8,\"bucket\":6,\"delay\":2880}", "type" : "quick", "currency" : "native_btc", "updated_at" : { "$date" : "2021-02-14T22:32:33.231+0000" }, "created_at" : { "$date" : "2021-02-14T22:32:33.231+0000" } }
{ "_id" : { "$oid" : "6029a502a895c63f104f8f54" }, "id" : 47, "user" : "6028307810b58e1ff5728522", "game" : "plinko", "wager" : 0.00137109, "multiplier" : 1.0, "status" : "win", "profit" : 0.00137109, "server_seed" : "a828436ba7721a9a629b00a3306c2045", "client_seed" : "3af12d198421ea4b487c93a6d6e5c7e8", "nonce" : 47, "data" : "{\"difficulty\":\"low\",\"pins\":8,\"bucket\":3,\"delay\":2880}", "type" : "quick", "currency" : "native_btc", "updated_at" : { "$date" : "2021-02-14T22:32:34.416+0000" }, "created_at" : { "$date" : "2021-02-14T22:32:34.416+0000" } }
{ "_id" : { "$oid" : "6029a50c86d69b47ba5b35b4" }, "id" : 48, "user" : "6028307810b58e1ff5728522", "game" : "plinko", "wager" : 0.00137109, "multiplier" : 0.4, "status" : "lose", "profit" : 5.48436E-4, "server_seed" : "2725914db3911bafb1d417c6b522ecb3", "client_seed" : "3af12d198421ea4b487c93a6d6e5c7e8", "nonce" : 48, "data" : "{\"difficulty\":\"medium\",\"pins\":8,\"bucket\":4,\"delay\":2880}", "type" : "quick", "currency" : "native_btc", "updated_at" : { "$date" : "2021-02-14T22:32:44.052+0000" }, "created_at" : { "$date" : "2021-02-14T22:32:44.052+0000" } }
{ "_id" : { "$oid" : "6029a50ca6816970956e45a4" }, "id" : 49, "user" : "6028307810b58e1ff5728522", "game" : "plinko", "wager" : 0.00137109, "multiplier" : 0.7, "status" : "lose", "profit" : 9.597629999999999E-4, "server_seed" : "9591e5e882fb5186335c55805c586d60", "client_seed" : "3af12d198421ea4b487c93a6d6e5c7e8", "nonce" : 49, "data" : "{\"difficulty\":\"medium\",\"pins\":8,\"bucket\":3,\"delay\":2880}", "type" : "quick", "currency" : "native_btc", "updated_at" : { "$date" : "2021-02-14T22:32:44.593+0000" }, "created_at" : { "$date" : "2021-02-14T22:32:44.593+0000" } }
{ "_id" : { "$oid" : "6029a522c18c9b76d4400473" }, "id" : 50, "user" : "6028307810b58e1ff5728522", "game" : "mines", "wager" : 0.001, "status" : "lose", "profit" : 0, "server_seed" : "daa013c8b6eff15266efced0cf486ee2", "client_seed" : "3af12d198421ea4b487c93a6d6e5c7e8", "nonce" : 50, "multiplier" : 5.004395604395604, "currency" : "native_btc", "data" : "{\"turn\":11,\"history\":[0,6,12,18,24,4,8,16,20,21,23],\"game_data\":{\"grid\":[0,0,0,0,0,0,0,0,0,0,1,0,0,0,0,0,0,1,0,0,0,0,0,1,0],\"0\":0,\"1\":6,\"2\":12,\"3\":18,\"4\":24,\"5\":4,\"6\":8,\"7\":16,\"8\":20,\"9\":21},\"user_data\":{\"api_id\":\"mines\",\"bet\":0.001,\"currency\":\"native_btc\",\"demo\":false,\"quick\":false,\"data\":{\"mines\":3}}}", "demo" : false, "type" : "extended", "updated_at" : { "$date" : "2021-02-14T22:33:21.060+0000" }, "created_at" : { "$date" : "2021-02-14T22:33:06.689+0000" } }
{ "_id" : { "$oid" : "6029a53b3008da33c861c793" }, "id" : 51, "user" : "6028307810b58e1ff5728522", "game" : "tower", "wager" : 0.001, "status" : "lose", "profit" : 0, "server_seed" : "35c9329a1bb08de2d3f0c8a75c3ce3cf", "client_seed" : "3af12d198421ea4b487c93a6d6e5c7e8", "nonce" : 51, "multiplier" : 1.48, "currency" : "native_btc", "data" : "{\"turn\":3,\"history\":[1,3,0],\"game_data\":{\"mines\":1,\"0\":1,\"1\":3,\"grid\":[[3],[0],[0],[4],[0],[0],[0],[3],[1],[2]]},\"user_data\":{\"api_id\":\"tower\",\"bet\":0.001,\"currency\":\"native_btc\",\"demo\":false,\"quick\":false,\"data\":{\"mines\":1}}}", "demo" : false, "type" : "extended", "updated_at" : { "$date" : "2021-02-14T22:33:38.459+0000" }, "created_at" : { "$date" : "2021-02-14T22:33:31.987+0000" } }
{ "_id" : { "$oid" : "6029a5444a48f051c612f973" }, "id" : 52, "user" : "6028307810b58e1ff5728522", "game" : "tower", "wager" : 0.001, "status" : "lose", "profit" : 0, "server_seed" : "35a4ded185e75b82214702ea7ca42669", "client_seed" : "3af12d198421ea4b487c93a6d6e5c7e8", "nonce" : 52, "multiplier" : 3.62, "currency" : "native_btc", "data" : "{\"turn\":7,\"history\":[2,2,2,4,2,4,0],\"game_data\":{\"mines\":1,\"0\":2,\"1\":2,\"2\":2,\"3\":4,\"4\":2,\"5\":4,\"grid\":[[1],[4],[1],[2],[1],[0],[0],[3],[4],[1]]},\"user_data\":{\"api_id\":\"tower\",\"bet\":0.001,\"currency\":\"native_btc\",\"demo\":false,\"quick\":false,\"data\":{\"mines\":1}}}", "demo" : false, "type" : "extended", "updated_at" : { "$date" : "2021-02-14T22:33:57.913+0000" }, "created_at" : { "$date" : "2021-02-14T22:33:40.317+0000" } }
