{ "_id" : { "$oid" : "602830199d92c746e25eda82" }, "game" : "slots", "demo" : false, "data" : "[]", "updated_at" : { "$date" : "2021-02-13T20:01:29.518+0000" }, "created_at" : { "$date" : "2021-02-13T20:01:29.518+0000" } }
{ "_id" : { "$oid" : "602830199d92c746e25eda83" }, "game" : "bullvsbear", "demo" : false, "data" : "[]", "updated_at" : { "$date" : "2021-02-13T20:01:29.572+0000" }, "created_at" : { "$date" : "2021-02-13T20:01:29.572+0000" } }
{ "_id" : { "$oid" : "602830199d92c746e25eda84" }, "game" : "mines", "demo" : false, "data" : "[]", "updated_at" : { "$date" : "2021-02-13T20:01:29.573+0000" }, "created_at" : { "$date" : "2021-02-13T20:01:29.573+0000" } }
{ "_id" : { "$oid" : "602830199d92c746e25eda85" }, "game" : "dice", "demo" : false, "data" : "[]", "updated_at" : { "$date" : "2021-02-13T20:01:29.574+0000" }, "created_at" : { "$date" : "2021-02-13T20:01:29.574+0000" } }
{ "_id" : { "$oid" : "602830199d92c746e25eda86" }, "game" : "wheel", "demo" : false, "data" : "[]", "updated_at" : { "$date" : "2021-02-13T20:01:29.575+0000" }, "created_at" : { "$date" : "2021-02-13T20:01:29.575+0000" } }
{ "_id" : { "$oid" : "602830199d92c746e25eda87" }, "game" : "plinko", "demo" : false, "data" : "[]", "updated_at" : { "$date" : "2021-02-13T20:01:29.576+0000" }, "created_at" : { "$date" : "2021-02-13T20:01:29.576+0000" } }
{ "_id" : { "$oid" : "602830199d92c746e25eda88" }, "game" : "coinflip", "demo" : false, "data" : "[]", "updated_at" : { "$date" : "2021-02-13T20:01:29.577+0000" }, "created_at" : { "$date" : "2021-02-13T20:01:29.577+0000" } }
{ "_id" : { "$oid" : "602830199d92c746e25eda89" }, "game" : "tower", "demo" : false, "data" : "[]", "updated_at" : { "$date" : "2021-02-13T20:01:29.577+0000" }, "created_at" : { "$date" : "2021-02-13T20:01:29.577+0000" } }
{ "_id" : { "$oid" : "602830199d92c746e25eda8a" }, "game" : "keno", "demo" : false, "data" : "[]", "updated_at" : { "$date" : "2021-02-13T20:01:29.578+0000" }, "created_at" : { "$date" : "2021-02-13T20:01:29.578+0000" } }
{ "_id" : { "$oid" : "602830199d92c746e25eda8b" }, "game" : "stairs", "demo" : false, "data" : "[]", "updated_at" : { "$date" : "2021-02-13T20:01:29.579+0000" }, "created_at" : { "$date" : "2021-02-13T20:01:29.579+0000" } }
{ "_id" : { "$oid" : "602830199d92c746e25eda8c" }, "game" : "blackjack", "demo" : false, "data" : "[]", "updated_at" : { "$date" : "2021-02-13T20:01:29.580+0000" }, "created_at" : { "$date" : "2021-02-13T20:01:29.580+0000" } }
{ "_id" : { "$oid" : "602830199d92c746e25eda8d" }, "game" : "diamonds", "demo" : false, "data" : "[]", "updated_at" : { "$date" : "2021-02-13T20:01:29.581+0000" }, "created_at" : { "$date" : "2021-02-13T20:01:29.581+0000" } }
{ "_id" : { "$oid" : "602830199d92c746e25eda8e" }, "game" : "roulette", "demo" : false, "data" : "[]", "updated_at" : { "$date" : "2021-02-13T20:01:29.582+0000" }, "created_at" : { "$date" : "2021-02-13T20:01:29.582+0000" } }
{ "_id" : { "$oid" : "602830199d92c746e25eda8f" }, "game" : "crash", "demo" : false, "data" : "[]", "updated_at" : { "$date" : "2021-02-13T20:01:29.582+0000" }, "created_at" : { "$date" : "2021-02-13T20:01:29.582+0000" } }
{ "_id" : { "$oid" : "602830199d92c746e25eda90" }, "game" : "hilo", "demo" : false, "data" : "[]", "updated_at" : { "$date" : "2021-02-13T20:01:29.583+0000" }, "created_at" : { "$date" : "2021-02-13T20:01:29.583+0000" } }
{ "_id" : { "$oid" : "602830199d92c746e25eda91" }, "game" : "limbo", "demo" : false, "data" : "[]", "updated_at" : { "$date" : "2021-02-13T20:01:29.584+0000" }, "created_at" : { "$date" : "2021-02-13T20:01:29.584+0000" } }
{ "_id" : { "$oid" : "602830199d92c746e25eda92" }, "game" : "slide", "demo" : false, "data" : "[]", "updated_at" : { "$date" : "2021-02-13T20:01:29.585+0000" }, "created_at" : { "$date" : "2021-02-13T20:01:29.585+0000" } }
{ "_id" : { "$oid" : "602830199d92c746e25eda93" }, "game" : "baccarat", "demo" : false, "data" : "[]", "updated_at" : { "$date" : "2021-02-13T20:01:29.586+0000" }, "created_at" : { "$date" : "2021-02-13T20:01:29.586+0000" } }
{ "_id" : { "$oid" : "602830199d92c746e25eda94" }, "game" : "videopoker", "demo" : false, "data" : "[]", "updated_at" : { "$date" : "2021-02-13T20:01:29.587+0000" }, "created_at" : { "$date" : "2021-02-13T20:01:29.587+0000" } }
{ "_id" : { "$oid" : "60283466516bcd36a361a0a2" }, "game" : "bullvsbear", "demo" : true, "data" : "[]", "updated_at" : { "$date" : "2021-02-13T20:19:50.849+0000" }, "created_at" : { "$date" : "2021-02-13T20:19:50.849+0000" } }
