{ "_id" : { "$oid" : "602831e7b4bc6a0b2213de22" }, "game" : "slide", "history" : "[{\"server_seed\":\"31d5d2909cb61173fb0e921571c10e45\",\"client_seed\":\"46b356a1b8856b4f8bf2cb70f6b5b7d9\",\"nonce\":1613347194,\"multiplier\":7.86},{\"server_seed\":\"afe874712a49cdca5c8998805136de78\",\"client_seed\":\"d60b1565d59ce8344e9d06e5dcf0f21a\",\"nonce\":1613347182,\"multiplier\":1.81},{\"server_seed\":\"44176d119c5cc76e12df87c3d5f5b83c\",\"client_seed\":\"1f06329eaaa8b7dd8b73f7156ab5768b\",\"nonce\":1613347170,\"multiplier\":51.06},{\"server_seed\":\"fe3d5a796105867e37b682de1f83af9d\",\"client_seed\":\"58e9e888f149b58c7a279f242ef17ad6\",\"nonce\":1613347158,\"multiplier\":142.87},{\"server_seed\":\"d8ef80af9bb899666be498ca677e645f\",\"client_seed\":\"0ee40c42c06e0e6f9d3f23bf0a1c9f3f\",\"nonce\":1613347146,\"multiplier\":1.1},{\"server_seed\":\"ed37592ed3a6b7cc93e35e2679a8773c\",\"client_seed\":\"c703df7c0d84610e8e9e7ad7293bd88b\",\"nonce\":1613347134,\"multiplier\":1.27},{\"server_seed\":\"fe1031929203801947df5bc13a3c8a7f\",\"client_seed\":\"47ac948639da9f8cd65b4b37f92cf708\",\"nonce\":1613347122,\"multiplier\":1.25},{\"server_seed\":\"a8651a6a7550c99467a1485cb2adf2a4\",\"client_seed\":\"7ec3a0412993e3606d94d1c1e2d6ae90\",\"nonce\":1613347110,\"multiplier\":1.7},{\"server_seed\":\"9160b01bc9bf5a72f7e1b3d9b86c0583\",\"client_seed\":\"7d42c245ce5f0e3ee9f4d759bff2d934\",\"nonce\":1613347098,\"multiplier\":3.57},{\"server_seed\":\"f4c270921df4b018b2a1a164232f5f89\",\"client_seed\":\"4345fc79b363d768ad0f2d2ec5e395f8\",\"nonce\":1613347086,\"multiplier\":1.13},{\"server_seed\":\"b668b448c28407eeb2458cb19ba41713\",\"client_seed\":\"06a59947dbc5819e87bd889ed04ac5e7\",\"nonce\":1613347074,\"multiplier\":2.36},{\"server_seed\":\"0cb331adb6ee100699f6c01e64d0961b\",\"client_seed\":\"93658dce6e08ec6592e889af97754893\",\"nonce\":1613347062,\"multiplier\":1.33},{\"server_seed\":\"abaf70ddd26d5552c4d47f830ec1108c\",\"client_seed\":\"bd8f96558d144a75216c5f01b81190e7\",\"nonce\":1613347050,\"multiplier\":3.98},{\"server_seed\":\"b743879241089175e05fb41bc652a0f2\",\"client_seed\":\"364f1c7ddd38c05e4cab75ffef006a68\",\"nonce\":1613347038,\"multiplier\":1.62}]", "players" : [  ], "data" : "{\"slides\":[1.34,36.01,1,1.22,8.61,1.07,2.95,1.18,1.75,3.18,5.89,1.15,1.24,10.65,1.06,1.07,1.06,929.69,1.55,7.86,1.86,1.7,0.99,1.5,1.9,2.91],\"index\":19,\"_result\":7.86}", "timestamp" : 1613347206, "can_bet" : false, "server_seed" : "191f019b3108545b235ecbb229876177", "client_seed" : "f88d1814335957857ec2a1af940a7a6f", "nonce" : 1613347206, "updated_at" : { "$date" : "2021-02-15T00:00:06.077+0000" }, "created_at" : { "$date" : "2021-02-13T20:09:11.644+0000" } }
{ "_id" : { "$oid" : "602831eaa509dc51bf121df2" }, "game" : "bullvsbear", "history" : "[]", "players" : [  ], "data" : "{\"ETH-USD\":{\"type\":\"ticker\",\"sequence\":14316160691,\"product_id\":\"ETH-USD\",\"price\":\"1591.01\",\"open_24h\":\"1691.8\",\"volume_24h\":\"345871.63234444\",\"low_24h\":\"1554.39\",\"high_24h\":\"1710.21\",\"volume_30d\":\"11328176.51997481\",\"best_bid\":\"1591.01\",\"best_ask\":\"1591.20\",\"side\":\"sell\",\"time\":\"2021-02-25T09:13:21.343415Z\",\"trade_id\":88566054,\"last_size\":\"0.9\"},\"BTC-USD\":{\"type\":\"ticker\",\"sequence\":21880156941,\"product_id\":\"BTC-USD\",\"price\":\"49407.92\",\"open_24h\":\"50904.97\",\"volume_24h\":\"25022.61728998\",\"low_24h\":\"48078.62\",\"high_24h\":\"51332.84\",\"volume_30d\":\"849935.96442520\",\"best_bid\":\"49385.60\",\"best_ask\":\"49407.92\",\"side\":\"buy\",\"time\":\"2021-02-25T09:13:20.757252Z\",\"trade_id\":138026423,\"last_size\":\"0.00860233\"}}", "timestamp" : { "$numberLong" : "-62135596800" }, "can_bet" : false, "server_seed" : "f898d53dcd3d6594367b3190472b5f0f", "client_seed" : "This game is not verifiable using \"Provably Fair\" tools, please verify market prices during bet time instead.", "nonce" : -1, "updated_at" : { "$date" : "2021-02-25T09:13:21.403+0000" }, "created_at" : { "$date" : "2021-02-13T20:09:14.002+0000" } }
{ "_id" : { "$oid" : "602831eaa7134b35ae477502" }, "game" : "crash", "history" : "[{\"server_seed\":\"c2a46e2bcc6aa276779c60760e2bb552\",\"client_seed\":\"f19885cf8e20f8f23cc4870f7007c2d3\",\"nonce\":1613347195,\"multiplier\":1.0033333333333334},{\"server_seed\":\"db4ce99f12acec72182eaae0b1b84efc\",\"client_seed\":\"5e11d4e2e4d28c7b245f08b72e1bde97\",\"nonce\":1613347125,\"multiplier\":7.049999999999903},{\"server_seed\":\"a0ea42ba24603a6c63dfb1853c0048f3\",\"client_seed\":\"fd003922ba1dad5a84efb39781bd04b3\",\"nonce\":1613347108,\"multiplier\":1.8266666666666858},{\"server_seed\":\"b1cc4fea3b277aa96f3f5439342dd6eb\",\"client_seed\":\"d4d83a94c88fbec62f2c580b45d1c1b2\",\"nonce\":1613347061,\"multiplier\":4.0766666666667275},{\"server_seed\":\"39b7242d766ab2fb4db6b70cf71f533a\",\"client_seed\":\"cb0f182775f03639e8a40cc3b218fe96\",\"nonce\":1613347027,\"multiplier\":3.1000000000000485},{\"server_seed\":\"d9ecb2bfba3828686d10536409f443d1\",\"client_seed\":\"0837376fa7bf80fec284970067d53cf9\",\"nonce\":1613346952,\"multiplier\":13.319999999999895},{\"server_seed\":\"9e49312f724c9c343e67ef51fa838ca4\",\"client_seed\":\"357d59d23e4d1c00a91a442ac47a1b55\",\"nonce\":1613346944,\"multiplier\":1.1533333333333369},{\"server_seed\":\"ef85c8dc16769d5a8e665ea70896ca6e\",\"client_seed\":\"28861e60951b123ac67afcb2cab2c251\",\"nonce\":1613346932,\"multiplier\":1.4533333333333438},{\"server_seed\":\"2b0d219406d7fa305447ed8d65d6d899\",\"client_seed\":\"0a7d2867118cbe2a64ddddd293dfd04c\",\"nonce\":1613346923,\"multiplier\":1.226666666666672},{\"server_seed\":\"b57926f2ab047955842af7814f181ae3\",\"client_seed\":\"34ca5619ee91b934ba18a7cf0cf24991\",\"nonce\":1613346914,\"multiplier\":1.226666666666672},{\"server_seed\":\"b2a4cce11e14f9d55f85518341e1e8c5\",\"client_seed\":\"88c7ff4f416c2b504ecfab83a9f02be9\",\"nonce\":1613346896,\"multiplier\":1.9000000000000208},{\"server_seed\":\"9cc20ecc333a144e3055ad7c2ba869ac\",\"client_seed\":\"0edcec4fded3aad5d4c5b6cafcbe6799\",\"nonce\":1613346884,\"multiplier\":1.4533333333333438},{\"server_seed\":\"f0e2a84a8c6a2c827bb74d9be993400e\",\"client_seed\":\"5152ffda59be9523f473205263bed974\",\"nonce\":1613346863,\"multiplier\":2.1266666666666927},{\"server_seed\":\"8e0c2225c54412ee8982b5875de6819c\",\"client_seed\":\"0125cbae12440b7d329140e528c6de9f\",\"nonce\":1613346856,\"multiplier\":1.0766666666666684}]", "players" : [  ], "data" : "[]", "timestamp" : 1613347207, "can_bet" : true, "server_seed" : "9ef86adf0f7f5abe7fa2c8a319bd1a79", "client_seed" : "1ac022e7184f25d23d81aacd6b23d8a9", "nonce" : 1613347201, "updated_at" : { "$date" : "2021-02-15T00:00:01.511+0000" }, "created_at" : { "$date" : "2021-02-13T20:09:14.304+0000" } }
{ "_id" : { "$oid" : "602831eab443952f3a202cb2" }, "game" : "baccarat", "history" : "[]", "players" : [  ], "data" : "{\"player\":[{\"type\":\"clubs\",\"value\":\"10\",\"baccaratValue\":10},{\"type\":\"clubs\",\"value\":\"2\",\"baccaratValue\":2}],\"dealer\":[{\"type\":\"spades\",\"value\":\"K\",\"baccaratValue\":13},{\"type\":\"spades\",\"value\":\"5\",\"baccaratValue\":5}],\"score\":{\"player\":2,\"dealer\":8},\"status\":\"banker\"}", "timestamp" : -1, "can_bet" : false, "server_seed" : "9ef3579f54031ba131e25bed202651df", "client_seed" : "cccda3d7bef7df7858d315bd53c6f4d2", "nonce" : 1613347190, "updated_at" : { "$date" : "2021-02-15T00:00:05.179+0000" }, "created_at" : { "$date" : "2021-02-13T20:09:14.648+0000" } }
