{ "_id" : { "$oid" : "6028303fce8eac102c34dec3" }, "name" : "6028303fce8eac102c34dec2", "token" : "1e0df62f3542d1896d4d1a98567eaa36a4220598ef6b0acf83250c1a81e89e36", "abilities" : "[\"*\"]", "tokenable_id" : "6028303fce8eac102c34dec2", "tokenable_type" : "App\\User", "updated_at" : { "$date" : "2021-02-13T20:02:08.000+0000" }, "created_at" : { "$date" : "2021-02-13T20:02:08.000+0000" } }
{ "_id" : { "$oid" : "6028307810b58e1ff5728523" }, "name" : "6028307810b58e1ff5728522", "token" : "6c68f9f94e9bf164d78b361e62c4bbc86b6096360206f7a0ed16eaa8353ceba9", "abilities" : "[\"*\"]", "tokenable_id" : "6028307810b58e1ff5728522", "tokenable_type" : "App\\User", "updated_at" : { "$date" : "2021-02-13T20:57:14.396+0000" }, "created_at" : { "$date" : "2021-02-13T20:03:04.653+0000" }, "last_used_at" : { "$date" : "2021-02-13T20:57:14.396+0000" } }
{ "_id" : { "$oid" : "6028327ca119e85bc64208d2" }, "name" : "6028307810b58e1ff5728522", "token" : "5f31e691bfdd2ef2c47869f66fada9e3787da241779b01d4a42d8f80323c801b", "abilities" : "[\"*\"]", "tokenable_id" : "6028307810b58e1ff5728522", "tokenable_type" : "App\\User", "updated_at" : { "$date" : "2021-02-14T13:51:52.156+0000" }, "created_at" : { "$date" : "2021-02-13T20:11:40.521+0000" }, "last_used_at" : { "$date" : "2021-02-14T13:51:52.155+0000" } }
{ "_id" : { "$oid" : "602843d746386d2a76679c42" }, "name" : "6028307810b58e1ff5728522", "token" : "d3771cf8f9109d5ef1e6335df355ea7594c59ced634b83b9bdc6f02c133bc17d", "abilities" : "[\"*\"]", "tokenable_id" : "6028307810b58e1ff5728522", "tokenable_type" : "App\\User", "updated_at" : { "$date" : "2021-02-13T21:25:43.709+0000" }, "created_at" : { "$date" : "2021-02-13T21:25:43.709+0000" } }
{ "_id" : { "$oid" : "60290f54321f58260e3fdba2" }, "name" : "6028307810b58e1ff5728522", "token" : "57682e01d9dfc46cbb398e8136fb82d12cffe5ba982e0c9679167c1ed996a675", "abilities" : "[\"*\"]", "tokenable_id" : "6028307810b58e1ff5728522", "tokenable_type" : "App\\User", "updated_at" : { "$date" : "2021-02-14T11:53:56.821+0000" }, "created_at" : { "$date" : "2021-02-14T11:53:56.821+0000" } }
{ "_id" : { "$oid" : "60290fbd4e56586ccf692102" }, "name" : "6028307810b58e1ff5728522", "token" : "c59d4bc4f2f8ecae09111c8a025e0048819e96d5d3a5feb75a85534db0bb69f3", "abilities" : "[\"*\"]", "tokenable_id" : "6028307810b58e1ff5728522", "tokenable_type" : "App\\User", "updated_at" : { "$date" : "2021-02-14T11:55:41.742+0000" }, "created_at" : { "$date" : "2021-02-14T11:55:41.742+0000" } }
{ "_id" : { "$oid" : "6029a4cc965f3b1f511b7d42" }, "name" : "6028307810b58e1ff5728522", "token" : "84ed88eebf6f88b88d3fdef19f1d0a28af3035970a034a13185164a89315e711", "abilities" : "[\"*\"]", "tokenable_id" : "6028307810b58e1ff5728522", "tokenable_type" : "App\\User", "updated_at" : { "$date" : "2021-02-14T22:33:57.861+0000" }, "created_at" : { "$date" : "2021-02-14T22:31:40.683+0000" }, "last_used_at" : { "$date" : "2021-02-14T22:33:57.860+0000" } }
{ "_id" : { "$oid" : "6029bbe23bdb0f052d4d5e92" }, "name" : "6028307810b58e1ff5728522", "token" : "b2052b05f663d48b3da5efcdcc15f1c1ffd646b24b6a5779702bc846bba47690", "abilities" : "[\"*\"]", "tokenable_id" : "6028307810b58e1ff5728522", "tokenable_type" : "App\\User", "updated_at" : { "$date" : "2021-02-15T00:10:10.643+0000" }, "created_at" : { "$date" : "2021-02-15T00:10:10.643+0000" } }
{ "_id" : { "$oid" : "602aaac797482368884d2be2" }, "name" : "6028307810b58e1ff5728522", "token" : "ef40903d9c99c98839997e1a3ddbcd2e7b11612aeef79ee75d9ceffc6c0e0860", "abilities" : "[\"*\"]", "tokenable_id" : "6028307810b58e1ff5728522", "tokenable_type" : "App\\User", "updated_at" : { "$date" : "2021-02-15T17:09:27.741+0000" }, "created_at" : { "$date" : "2021-02-15T17:09:27.741+0000" } }
{ "_id" : { "$oid" : "602cea3f3f7ba70caa44f082" }, "name" : "6028307810b58e1ff5728522", "token" : "37e394c36340a8d04aaedc76c33823f21dfaf216397628eadc04b319bc56a0bd", "abilities" : "[\"*\"]", "tokenable_id" : "6028307810b58e1ff5728522", "tokenable_type" : "App\\User", "updated_at" : { "$date" : "2021-02-17T10:04:47.073+0000" }, "created_at" : { "$date" : "2021-02-17T10:04:47.073+0000" } }
{ "_id" : { "$oid" : "602fff0975dbfe675d7fe712" }, "name" : "6028307810b58e1ff5728522", "token" : "a495bf12bace7bfc8f313afebdec320f73a5b82482591a7c2df3446431e89f70", "abilities" : "[\"*\"]", "tokenable_id" : "6028307810b58e1ff5728522", "tokenable_type" : "App\\User", "updated_at" : { "$date" : "2021-02-19T18:10:17.414+0000" }, "created_at" : { "$date" : "2021-02-19T18:10:17.414+0000" } }
{ "_id" : { "$oid" : "6032410459faee7d3d08aa92" }, "name" : "6028307810b58e1ff5728522", "token" : "f78f2ad2c92149363b8c86efa3f1d6508df681dabdcfa715a658d1871b7cb8c5", "abilities" : "[\"*\"]", "tokenable_id" : "6028307810b58e1ff5728522", "tokenable_type" : "App\\User", "updated_at" : { "$date" : "2021-02-21T11:16:20.783+0000" }, "created_at" : { "$date" : "2021-02-21T11:16:20.783+0000" } }
{ "_id" : { "$oid" : "603743673a67fb260d0ed933" }, "name" : "603743673a67fb260d0ed932", "token" : "076c2f6ab3e64ebba1b041b9eb4d72c95e9b4bfa44aaedefd98163dc54bcd43c", "abilities" : "[\"*\"]", "tokenable_id" : "603743673a67fb260d0ed932", "tokenable_type" : "App\\User", "updated_at" : { "$date" : "2021-02-25T06:27:51.734+0000" }, "created_at" : { "$date" : "2021-02-25T06:27:51.734+0000" } }
