{ "_id" : { "$oid" : "602835122990b7411f2a1a62" }, "user" : "6028307810b58e1ff5728522", "demo" : false, "currency" : "native_btc", "new" : 0.09999997, "old" : 0.09999999999999999, "amount" : -3.0E-8, "quiet" : false, "data" : "{\"game\":\"mines\",\"message\":\"Game\"}", "updated_at" : { "$date" : "2021-02-13T20:22:42.320+0000" }, "created_at" : { "$date" : "2021-02-13T20:22:42.320+0000" } }
{ "_id" : { "$oid" : "6028351622677e40666eb682" }, "user" : "6028307810b58e1ff5728522", "demo" : false, "currency" : "native_btc", "new" : 0.09999994, "old" : 0.09999997, "amount" : -3.0E-8, "quiet" : false, "data" : "{\"game\":\"mines\",\"message\":\"Game\"}", "updated_at" : { "$date" : "2021-02-13T20:22:46.908+0000" }, "created_at" : { "$date" : "2021-02-13T20:22:46.908+0000" } }
{ "_id" : { "$oid" : "6028352f958ad8455747c192" }, "user" : "6028307810b58e1ff5728522", "demo" : false, "currency" : "native_btc", "new" : 0.09999993, "old" : 0.09999994, "amount" : -1.0E-8, "quiet" : true, "data" : "{\"game\":\"dice\",\"message\":\"Game\"}", "updated_at" : { "$date" : "2021-02-13T20:23:11.937+0000" }, "created_at" : { "$date" : "2021-02-13T20:23:11.937+0000" } }
{ "_id" : { "$oid" : "60283533a3120f0b0960b102" }, "user" : "6028307810b58e1ff5728522", "demo" : false, "currency" : "native_btc", "new" : 0.09999995, "old" : 0.0999999302, "amount" : 1.98E-8, "quiet" : true, "data" : "{\"game\":\"dice\",\"message\":\"Win\"}", "updated_at" : { "$date" : "2021-02-13T20:23:15.053+0000" }, "created_at" : { "$date" : "2021-02-13T20:23:15.053+0000" } }
{ "_id" : { "$oid" : "60283533a3120f0b0960b103" }, "user" : "6028307810b58e1ff5728522", "demo" : false, "currency" : "native_btc", "new" : 0.09999994, "old" : 0.09999994999999999, "amount" : -1.0E-8, "quiet" : true, "data" : "{\"game\":\"dice\",\"message\":\"Game\"}", "updated_at" : { "$date" : "2021-02-13T20:23:15.055+0000" }, "created_at" : { "$date" : "2021-02-13T20:23:15.055+0000" } }
{ "_id" : { "$oid" : "602835342e198d42893e2d82" }, "user" : "6028307810b58e1ff5728522", "demo" : false, "currency" : "native_btc", "new" : 0.09999993, "old" : 0.09999994, "amount" : -1.0E-8, "quiet" : true, "data" : "{\"game\":\"dice\",\"message\":\"Game\"}", "updated_at" : { "$date" : "2021-02-13T20:23:16.948+0000" }, "created_at" : { "$date" : "2021-02-13T20:23:16.948+0000" } }
{ "_id" : { "$oid" : "602835364cddb61d8220f4c2" }, "user" : "6028307810b58e1ff5728522", "demo" : false, "currency" : "native_btc", "new" : 0.09999992, "old" : 0.09999993, "amount" : -1.0E-8, "quiet" : true, "data" : "{\"game\":\"dice\",\"message\":\"Game\"}", "updated_at" : { "$date" : "2021-02-13T20:23:18.350+0000" }, "created_at" : { "$date" : "2021-02-13T20:23:18.350+0000" } }
{ "_id" : { "$oid" : "6028353772ba9d19f032b892" }, "user" : "6028307810b58e1ff5728522", "demo" : false, "currency" : "native_btc", "new" : 0.09999991, "old" : 0.09999991999999999, "amount" : -1.0E-8, "quiet" : true, "data" : "{\"game\":\"dice\",\"message\":\"Game\"}", "updated_at" : { "$date" : "2021-02-13T20:23:19.718+0000" }, "created_at" : { "$date" : "2021-02-13T20:23:19.718+0000" } }
{ "_id" : { "$oid" : "60283544c311bd1a99060792" }, "user" : "6028307810b58e1ff5728522", "demo" : false, "currency" : "native_btc", "new" : 0.09999989, "old" : 0.09999991, "amount" : -2.0E-8, "quiet" : true, "data" : "{\"game\":\"wheel\",\"message\":\"Game\"}", "updated_at" : { "$date" : "2021-02-13T20:23:32.022+0000" }, "created_at" : { "$date" : "2021-02-13T20:23:32.022+0000" } }
{ "_id" : { "$oid" : "6028356527b1a51a5d217702" }, "user" : "6028307810b58e1ff5728522", "demo" : false, "currency" : "native_btc", "new" : 0.09999993, "old" : 0.09999989, "amount" : 4.0E-8, "quiet" : true, "data" : "{\"game\":\"wheel\",\"message\":\"Win\"}", "updated_at" : { "$date" : "2021-02-13T20:24:05.461+0000" }, "created_at" : { "$date" : "2021-02-13T20:24:05.461+0000" } }
{ "_id" : { "$oid" : "6028356527b1a51a5d217703" }, "user" : "6028307810b58e1ff5728522", "demo" : false, "currency" : "native_btc", "new" : 0.09999991, "old" : 0.09999993, "amount" : -2.0E-8, "quiet" : true, "data" : "{\"game\":\"wheel\",\"message\":\"Game\"}", "updated_at" : { "$date" : "2021-02-13T20:24:05.463+0000" }, "created_at" : { "$date" : "2021-02-13T20:24:05.463+0000" } }
{ "_id" : { "$oid" : "60283578065ebb4dd743c0f2" }, "user" : "6028307810b58e1ff5728522", "demo" : false, "currency" : "native_btc", "new" : 0.10002093, "old" : 0.099999909, "amount" : 2.1021E-5, "quiet" : true, "data" : "{\"game\":\"plinko\",\"message\":\"Win\"}", "updated_at" : { "$date" : "2021-02-13T20:24:24.329+0000" }, "created_at" : { "$date" : "2021-02-13T20:24:24.329+0000" } }
{ "_id" : { "$oid" : "60283578065ebb4dd743c0f3" }, "user" : "6028307810b58e1ff5728522", "demo" : false, "currency" : "native_btc", "new" : 0.10001092, "old" : 0.10002093000000001, "amount" : -1.001E-5, "quiet" : true, "data" : "{\"game\":\"plinko\",\"message\":\"Game\"}", "updated_at" : { "$date" : "2021-02-13T20:24:24.331+0000" }, "created_at" : { "$date" : "2021-02-13T20:24:24.331+0000" } }
{ "_id" : { "$oid" : "6028357c57670931cb32bba2" }, "user" : "6028307810b58e1ff5728522", "demo" : false, "currency" : "native_btc", "new" : 0.10002093, "old" : 0.10001091999999999, "amount" : 1.001E-5, "quiet" : true, "data" : "{\"game\":\"plinko\",\"message\":\"Win\"}", "updated_at" : { "$date" : "2021-02-13T20:24:28.527+0000" }, "created_at" : { "$date" : "2021-02-13T20:24:28.527+0000" } }
{ "_id" : { "$oid" : "6028357c57670931cb32bba3" }, "user" : "6028307810b58e1ff5728522", "demo" : false, "currency" : "native_btc", "new" : 0.10001092, "old" : 0.10002093000000001, "amount" : -1.001E-5, "quiet" : true, "data" : "{\"game\":\"plinko\",\"message\":\"Game\"}", "updated_at" : { "$date" : "2021-02-13T20:24:28.529+0000" }, "created_at" : { "$date" : "2021-02-13T20:24:28.529+0000" } }
{ "_id" : { "$oid" : "6028357de12ac4467676c5b2" }, "user" : "6028307810b58e1ff5728522", "demo" : false, "currency" : "native_btc", "new" : 0.10001593, "old" : 0.100010925, "amount" : 5.005E-6, "quiet" : true, "data" : "{\"game\":\"plinko\",\"message\":\"Win\"}", "updated_at" : { "$date" : "2021-02-13T20:24:29.162+0000" }, "created_at" : { "$date" : "2021-02-13T20:24:29.162+0000" } }
{ "_id" : { "$oid" : "6028357de12ac4467676c5b3" }, "user" : "6028307810b58e1ff5728522", "demo" : false, "currency" : "native_btc", "new" : 0.10000592, "old" : 0.10001593, "amount" : -1.001E-5, "quiet" : true, "data" : "{\"game\":\"plinko\",\"message\":\"Game\"}", "updated_at" : { "$date" : "2021-02-13T20:24:29.164+0000" }, "created_at" : { "$date" : "2021-02-13T20:24:29.164+0000" } }
{ "_id" : { "$oid" : "6028359f1cfcd33eb642c3f2" }, "user" : "6028307810b58e1ff5728522", "demo" : false, "currency" : "native_btc", "new" : 0.10001293, "old" : 0.100005923, "amount" : 7.007E-6, "quiet" : true, "data" : "{\"game\":\"plinko\",\"message\":\"Win\"}", "updated_at" : { "$date" : "2021-02-13T20:25:03.461+0000" }, "created_at" : { "$date" : "2021-02-13T20:25:03.461+0000" } }
{ "_id" : { "$oid" : "6028359f1cfcd33eb642c3f3" }, "user" : "6028307810b58e1ff5728522", "demo" : false, "currency" : "native_btc", "new" : 0.10000292, "old" : 0.10001293, "amount" : -1.001E-5, "quiet" : true, "data" : "{\"game\":\"plinko\",\"message\":\"Game\"}", "updated_at" : { "$date" : "2021-02-13T20:25:03.463+0000" }, "created_at" : { "$date" : "2021-02-13T20:25:03.463+0000" } }
{ "_id" : { "$oid" : "602835a00bda652af4710242" }, "user" : "6028307810b58e1ff5728522", "demo" : false, "currency" : "native_btc", "new" : 0.10000492, "old" : 0.100002918, "amount" : 2.002E-6, "quiet" : true, "data" : "{\"game\":\"plinko\",\"message\":\"Win\"}", "updated_at" : { "$date" : "2021-02-13T20:25:04.381+0000" }, "created_at" : { "$date" : "2021-02-13T20:25:04.381+0000" } }
{ "_id" : { "$oid" : "602835a00bda652af4710243" }, "user" : "6028307810b58e1ff5728522", "demo" : false, "currency" : "native_btc", "new" : 0.09999491, "old" : 0.10000492000000001, "amount" : -1.001E-5, "quiet" : true, "data" : "{\"game\":\"plinko\",\"message\":\"Game\"}", "updated_at" : { "$date" : "2021-02-13T20:25:04.383+0000" }, "created_at" : { "$date" : "2021-02-13T20:25:04.383+0000" } }
{ "_id" : { "$oid" : "602835a01bfb3723066285b2" }, "user" : "6028307810b58e1ff5728522", "demo" : false, "currency" : "native_btc", "new" : 0.09999691, "old" : 0.099994908, "amount" : 2.002E-6, "quiet" : true, "data" : "{\"game\":\"plinko\",\"message\":\"Win\"}", "updated_at" : { "$date" : "2021-02-13T20:25:04.953+0000" }, "created_at" : { "$date" : "2021-02-13T20:25:04.953+0000" } }
{ "_id" : { "$oid" : "602835a01bfb3723066285b3" }, "user" : "6028307810b58e1ff5728522", "demo" : false, "currency" : "native_btc", "new" : 0.0999869, "old" : 0.09999691000000001, "amount" : -1.001E-5, "quiet" : true, "data" : "{\"game\":\"plinko\",\"message\":\"Game\"}", "updated_at" : { "$date" : "2021-02-13T20:25:04.955+0000" }, "created_at" : { "$date" : "2021-02-13T20:25:04.955+0000" } }
{ "_id" : { "$oid" : "602835a2c0f67a447c7ff1f2" }, "user" : "6028307810b58e1ff5728522", "demo" : false, "currency" : "native_btc", "new" : 0.0999889, "old" : 0.099986898, "amount" : 2.002E-6, "quiet" : true, "data" : "{\"game\":\"plinko\",\"message\":\"Win\"}", "updated_at" : { "$date" : "2021-02-13T20:25:06.186+0000" }, "created_at" : { "$date" : "2021-02-13T20:25:06.186+0000" } }
{ "_id" : { "$oid" : "602835a2c0f67a447c7ff1f3" }, "user" : "6028307810b58e1ff5728522", "demo" : false, "currency" : "native_btc", "new" : 0.09997889, "old" : 0.0999889, "amount" : -1.001E-5, "quiet" : true, "data" : "{\"game\":\"plinko\",\"message\":\"Game\"}", "updated_at" : { "$date" : "2021-02-13T20:25:06.187+0000" }, "created_at" : { "$date" : "2021-02-13T20:25:06.187+0000" } }
{ "_id" : { "$oid" : "602835a20a532439617a7dc2" }, "user" : "6028307810b58e1ff5728522", "demo" : false, "currency" : "native_btc", "new" : 0.09998089, "old" : 0.099978888, "amount" : 2.002E-6, "quiet" : true, "data" : "{\"game\":\"plinko\",\"message\":\"Win\"}", "updated_at" : { "$date" : "2021-02-13T20:25:06.663+0000" }, "created_at" : { "$date" : "2021-02-13T20:25:06.663+0000" } }
{ "_id" : { "$oid" : "602835a20a532439617a7dc3" }, "user" : "6028307810b58e1ff5728522", "demo" : false, "currency" : "native_btc", "new" : 0.09997088, "old" : 0.09998089, "amount" : -1.001E-5, "quiet" : true, "data" : "{\"game\":\"plinko\",\"message\":\"Game\"}", "updated_at" : { "$date" : "2021-02-13T20:25:06.665+0000" }, "created_at" : { "$date" : "2021-02-13T20:25:06.665+0000" } }
{ "_id" : { "$oid" : "602835a39d72a000c367c822" }, "user" : "6028307810b58e1ff5728522", "demo" : false, "currency" : "native_btc", "new" : 0.09997789, "old" : 0.099970883, "amount" : 7.007E-6, "quiet" : true, "data" : "{\"game\":\"plinko\",\"message\":\"Win\"}", "updated_at" : { "$date" : "2021-02-13T20:25:07.349+0000" }, "created_at" : { "$date" : "2021-02-13T20:25:07.349+0000" } }
{ "_id" : { "$oid" : "602835a39d72a000c367c823" }, "user" : "6028307810b58e1ff5728522", "demo" : false, "currency" : "native_btc", "new" : 0.09996788, "old" : 0.09997789, "amount" : -1.001E-5, "quiet" : true, "data" : "{\"game\":\"plinko\",\"message\":\"Game\"}", "updated_at" : { "$date" : "2021-02-13T20:25:07.351+0000" }, "created_at" : { "$date" : "2021-02-13T20:25:07.351+0000" } }
{ "_id" : { "$oid" : "602835aad077791aad308aa2" }, "user" : "6028307810b58e1ff5728522", "demo" : false, "currency" : "native_btc", "new" : 0.09996988, "old" : 0.099967878, "amount" : 2.002E-6, "quiet" : true, "data" : "{\"game\":\"plinko\",\"message\":\"Win\"}", "updated_at" : { "$date" : "2021-02-13T20:25:14.357+0000" }, "created_at" : { "$date" : "2021-02-13T20:25:14.357+0000" } }
{ "_id" : { "$oid" : "602835aad077791aad308aa3" }, "user" : "6028307810b58e1ff5728522", "demo" : false, "currency" : "native_btc", "new" : 0.09995987, "old" : 0.09996988000000001, "amount" : -1.001E-5, "quiet" : true, "data" : "{\"game\":\"plinko\",\"message\":\"Game\"}", "updated_at" : { "$date" : "2021-02-13T20:25:14.359+0000" }, "created_at" : { "$date" : "2021-02-13T20:25:14.359+0000" } }
{ "_id" : { "$oid" : "602835add79bbe44941f4ea2" }, "user" : "6028307810b58e1ff5728522", "demo" : false, "currency" : "native_btc", "new" : 0.09996187, "old" : 0.099959868, "amount" : 2.002E-6, "quiet" : true, "data" : "{\"game\":\"plinko\",\"message\":\"Win\"}", "updated_at" : { "$date" : "2021-02-13T20:25:17.220+0000" }, "created_at" : { "$date" : "2021-02-13T20:25:17.220+0000" } }
{ "_id" : { "$oid" : "602835add79bbe44941f4ea3" }, "user" : "6028307810b58e1ff5728522", "demo" : false, "currency" : "native_btc", "new" : 0.09995186, "old" : 0.09996187000000001, "amount" : -1.001E-5, "quiet" : true, "data" : "{\"game\":\"plinko\",\"message\":\"Game\"}", "updated_at" : { "$date" : "2021-02-13T20:25:17.222+0000" }, "created_at" : { "$date" : "2021-02-13T20:25:17.222+0000" } }
{ "_id" : { "$oid" : "602835ae55e19962bb795582" }, "user" : "6028307810b58e1ff5728522", "demo" : false, "currency" : "native_btc", "new" : 0.09995386, "old" : 0.099951858, "amount" : 2.002E-6, "quiet" : true, "data" : "{\"game\":\"plinko\",\"message\":\"Win\"}", "updated_at" : { "$date" : "2021-02-13T20:25:18.272+0000" }, "created_at" : { "$date" : "2021-02-13T20:25:18.272+0000" } }
{ "_id" : { "$oid" : "602835ae55e19962bb795583" }, "user" : "6028307810b58e1ff5728522", "demo" : false, "currency" : "native_btc", "new" : 0.09994385, "old" : 0.09995386, "amount" : -1.001E-5, "quiet" : true, "data" : "{\"game\":\"plinko\",\"message\":\"Game\"}", "updated_at" : { "$date" : "2021-02-13T20:25:18.274+0000" }, "created_at" : { "$date" : "2021-02-13T20:25:18.274+0000" } }
{ "_id" : { "$oid" : "602835af1dd72e3c545978f2" }, "user" : "6028307810b58e1ff5728522", "demo" : false, "currency" : "native_btc", "new" : 0.09995086, "old" : 0.099943853, "amount" : 7.007E-6, "quiet" : true, "data" : "{\"game\":\"plinko\",\"message\":\"Win\"}", "updated_at" : { "$date" : "2021-02-13T20:25:19.180+0000" }, "created_at" : { "$date" : "2021-02-13T20:25:19.180+0000" } }
{ "_id" : { "$oid" : "602835af1dd72e3c545978f3" }, "user" : "6028307810b58e1ff5728522", "demo" : false, "currency" : "native_btc", "new" : 0.09994085, "old" : 0.09995086, "amount" : -1.001E-5, "quiet" : true, "data" : "{\"game\":\"plinko\",\"message\":\"Game\"}", "updated_at" : { "$date" : "2021-02-13T20:25:19.182+0000" }, "created_at" : { "$date" : "2021-02-13T20:25:19.182+0000" } }
{ "_id" : { "$oid" : "602835b00a86174ba617fad2" }, "user" : "6028307810b58e1ff5728522", "demo" : false, "currency" : "native_btc", "new" : 0.09996087, "old" : 0.09994085, "amount" : 2.002E-5, "quiet" : true, "data" : "{\"game\":\"plinko\",\"message\":\"Win\"}", "updated_at" : { "$date" : "2021-02-13T20:25:20.107+0000" }, "created_at" : { "$date" : "2021-02-13T20:25:20.107+0000" } }
{ "_id" : { "$oid" : "602835b00a86174ba617fad3" }, "user" : "6028307810b58e1ff5728522", "demo" : false, "currency" : "native_btc", "new" : 0.09995086, "old" : 0.09996087000000001, "amount" : -1.001E-5, "quiet" : true, "data" : "{\"game\":\"plinko\",\"message\":\"Game\"}", "updated_at" : { "$date" : "2021-02-13T20:25:20.109+0000" }, "created_at" : { "$date" : "2021-02-13T20:25:20.109+0000" } }
{ "_id" : { "$oid" : "602835b0354847289c4a3112" }, "user" : "6028307810b58e1ff5728522", "demo" : false, "currency" : "native_btc", "new" : 0.09995286, "old" : 0.099950858, "amount" : 2.002E-6, "quiet" : true, "data" : "{\"game\":\"plinko\",\"message\":\"Win\"}", "updated_at" : { "$date" : "2021-02-13T20:25:20.732+0000" }, "created_at" : { "$date" : "2021-02-13T20:25:20.732+0000" } }
{ "_id" : { "$oid" : "602835b0354847289c4a3113" }, "user" : "6028307810b58e1ff5728522", "demo" : false, "currency" : "native_btc", "new" : 0.09994285, "old" : 0.09995286, "amount" : -1.001E-5, "quiet" : true, "data" : "{\"game\":\"plinko\",\"message\":\"Game\"}", "updated_at" : { "$date" : "2021-02-13T20:25:20.734+0000" }, "created_at" : { "$date" : "2021-02-13T20:25:20.734+0000" } }
{ "_id" : { "$oid" : "602835be5a3ca72de640cea2" }, "user" : "6028307810b58e1ff5728522", "demo" : false, "currency" : "native_btc", "new" : 0.09994275, "old" : 0.09994285, "amount" : -1.0E-7, "quiet" : false, "data" : "{\"game\":\"coinflip\",\"message\":\"Game\"}", "updated_at" : { "$date" : "2021-02-13T20:25:34.879+0000" }, "created_at" : { "$date" : "2021-02-13T20:25:34.879+0000" } }
{ "_id" : { "$oid" : "602835c45b997349772c0ea2" }, "user" : "6028307810b58e1ff5728522", "demo" : false, "currency" : "native_btc", "new" : 0.09994294, "old" : 0.09994275, "amount" : 1.8999999999999998E-7, "quiet" : true, "data" : "{\"game\":\"coinflip\",\"message\":\"Win\"}", "updated_at" : { "$date" : "2021-02-13T20:25:40.187+0000" }, "created_at" : { "$date" : "2021-02-13T20:25:40.187+0000" } }
{ "_id" : { "$oid" : "602835c593ec4c418c542942" }, "user" : "6028307810b58e1ff5728522", "demo" : false, "currency" : "native_btc", "new" : 0.09994284, "old" : 0.09994294000000001, "amount" : -1.0E-7, "quiet" : false, "data" : "{\"game\":\"coinflip\",\"message\":\"Game\"}", "updated_at" : { "$date" : "2021-02-13T20:25:41.889+0000" }, "created_at" : { "$date" : "2021-02-13T20:25:41.889+0000" } }
{ "_id" : { "$oid" : "602835cbcd202e0ad01685a2" }, "user" : "6028307810b58e1ff5728522", "demo" : false, "currency" : "native_btc", "new" : 0.09994294, "old" : 0.09994283999999999, "amount" : 1.0E-7, "quiet" : false, "data" : "{\"game\":\"coinflip\",\"message\":\"Cancellation\"}", "updated_at" : { "$date" : "2021-02-13T20:25:47.824+0000" }, "created_at" : { "$date" : "2021-02-13T20:25:47.824+0000" } }
{ "_id" : { "$oid" : "602835cd9ab64c355c2e27d2" }, "user" : "6028307810b58e1ff5728522", "demo" : false, "currency" : "native_btc", "new" : 0.09994284, "old" : 0.09994294000000001, "amount" : -1.0E-7, "quiet" : false, "data" : "{\"game\":\"coinflip\",\"message\":\"Game\"}", "updated_at" : { "$date" : "2021-02-13T20:25:49.397+0000" }, "created_at" : { "$date" : "2021-02-13T20:25:49.397+0000" } }
{ "_id" : { "$oid" : "602835d52cf8f27d187c3fa2" }, "user" : "6028307810b58e1ff5728522", "demo" : false, "currency" : "native_btc", "new" : 0.09994303, "old" : 0.09994284, "amount" : 1.8999999999999998E-7, "quiet" : true, "data" : "{\"game\":\"coinflip\",\"message\":\"Win\"}", "updated_at" : { "$date" : "2021-02-13T20:25:57.662+0000" }, "created_at" : { "$date" : "2021-02-13T20:25:57.662+0000" } }
{ "_id" : { "$oid" : "602835d636ec7f613e62eff2" }, "user" : "6028307810b58e1ff5728522", "demo" : false, "currency" : "native_btc", "new" : 0.09994293, "old" : 0.09994303, "amount" : -1.0E-7, "quiet" : false, "data" : "{\"game\":\"coinflip\",\"message\":\"Game\"}", "updated_at" : { "$date" : "2021-02-13T20:25:58.839+0000" }, "created_at" : { "$date" : "2021-02-13T20:25:58.839+0000" } }
{ "_id" : { "$oid" : "602835e48c5fc03d594ec322" }, "user" : "6028307810b58e1ff5728522", "demo" : false, "currency" : "native_btc", "new" : 0.09994193, "old" : 0.09994293, "amount" : -1.0E-6, "quiet" : false, "data" : "{\"game\":\"blackjack\",\"message\":\"Game\"}", "updated_at" : { "$date" : "2021-02-13T20:26:12.170+0000" }, "created_at" : { "$date" : "2021-02-13T20:26:12.170+0000" } }
{ "_id" : { "$oid" : "602835fde0fdde58750f3c72" }, "user" : "6028307810b58e1ff5728522", "demo" : false, "currency" : "native_btc", "new" : 0.09994093, "old" : 0.09994193, "amount" : -1.0E-6, "quiet" : false, "data" : "{\"game\":\"blackjack\",\"message\":\"Double\"}", "updated_at" : { "$date" : "2021-02-13T20:26:37.747+0000" }, "created_at" : { "$date" : "2021-02-13T20:26:37.747+0000" } }
{ "_id" : { "$oid" : "602835ff0b9c8c45f7262772" }, "user" : "6028307810b58e1ff5728522", "demo" : false, "currency" : "native_btc", "new" : 0.09994493, "old" : 0.09994093, "amount" : 4.0E-6, "quiet" : true, "data" : "{\"game\":\"blackjack\",\"message\":\"Win\"}", "updated_at" : { "$date" : "2021-02-13T20:26:39.030+0000" }, "created_at" : { "$date" : "2021-02-13T20:26:39.030+0000" } }
{ "_id" : { "$oid" : "602836024c10e12b9331d642" }, "user" : "6028307810b58e1ff5728522", "demo" : false, "currency" : "native_btc", "new" : 0.09994393, "old" : 0.09994493, "amount" : -1.0E-6, "quiet" : false, "data" : "{\"game\":\"blackjack\",\"message\":\"Game\"}", "updated_at" : { "$date" : "2021-02-13T20:26:42.067+0000" }, "created_at" : { "$date" : "2021-02-13T20:26:42.067+0000" } }
{ "_id" : { "$oid" : "6029a4ed5b54802b8358ec42" }, "user" : "6028307810b58e1ff5728522", "demo" : false, "currency" : "native_btc", "new" : 0.10131502, "old" : 0.09994393, "amount" : 0.00137109, "quiet" : true, "data" : "{\"game\":\"plinko\",\"message\":\"Win\"}", "updated_at" : { "$date" : "2021-02-14T22:32:13.251+0000" }, "created_at" : { "$date" : "2021-02-14T22:32:13.251+0000" } }
{ "_id" : { "$oid" : "6029a4ed5b54802b8358ec43" }, "user" : "6028307810b58e1ff5728522", "demo" : false, "currency" : "native_btc", "new" : 0.09994393, "old" : 0.10131502, "amount" : -0.00137109, "quiet" : true, "data" : "{\"game\":\"plinko\",\"message\":\"Game\"}", "updated_at" : { "$date" : "2021-02-14T22:32:13.253+0000" }, "created_at" : { "$date" : "2021-02-14T22:32:13.253+0000" } }
{ "_id" : { "$oid" : "6029a4ef3dfed3312b7c8fb2" }, "user" : "6028307810b58e1ff5728522", "demo" : false, "currency" : "native_btc", "new" : 0.10062948, "old" : 0.099943935, "amount" : 6.85545E-4, "quiet" : true, "data" : "{\"game\":\"plinko\",\"message\":\"Win\"}", "updated_at" : { "$date" : "2021-02-14T22:32:15.125+0000" }, "created_at" : { "$date" : "2021-02-14T22:32:15.125+0000" } }
{ "_id" : { "$oid" : "6029a4ef3dfed3312b7c8fb3" }, "user" : "6028307810b58e1ff5728522", "demo" : false, "currency" : "native_btc", "new" : 0.09925839, "old" : 0.10062948000000001, "amount" : -0.00137109, "quiet" : true, "data" : "{\"game\":\"plinko\",\"message\":\"Game\"}", "updated_at" : { "$date" : "2021-02-14T22:32:15.127+0000" }, "created_at" : { "$date" : "2021-02-14T22:32:15.127+0000" } }
{ "_id" : { "$oid" : "6029a4f3817fda237f50b2f2" }, "user" : "6028307810b58e1ff5728522", "demo" : false, "currency" : "native_btc", "new" : 0.10062948, "old" : 0.09925838999999999, "amount" : 0.00137109, "quiet" : true, "data" : "{\"game\":\"plinko\",\"message\":\"Win\"}", "updated_at" : { "$date" : "2021-02-14T22:32:19.065+0000" }, "created_at" : { "$date" : "2021-02-14T22:32:19.065+0000" } }
{ "_id" : { "$oid" : "6029a4f3817fda237f50b2f3" }, "user" : "6028307810b58e1ff5728522", "demo" : false, "currency" : "native_btc", "new" : 0.09925839, "old" : 0.10062948000000001, "amount" : -0.00137109, "quiet" : true, "data" : "{\"game\":\"plinko\",\"message\":\"Game\"}", "updated_at" : { "$date" : "2021-02-14T22:32:19.067+0000" }, "created_at" : { "$date" : "2021-02-14T22:32:19.067+0000" } }
{ "_id" : { "$oid" : "6029a4f32d36f500384b22d2" }, "user" : "6028307810b58e1ff5728522", "demo" : false, "currency" : "native_btc", "new" : 0.10062948, "old" : 0.09925838999999999, "amount" : 0.00137109, "quiet" : true, "data" : "{\"game\":\"plinko\",\"message\":\"Win\"}", "updated_at" : { "$date" : "2021-02-14T22:32:19.647+0000" }, "created_at" : { "$date" : "2021-02-14T22:32:19.647+0000" } }
{ "_id" : { "$oid" : "6029a4f32d36f500384b22d3" }, "user" : "6028307810b58e1ff5728522", "demo" : false, "currency" : "native_btc", "new" : 0.09925839, "old" : 0.10062948000000001, "amount" : -0.00137109, "quiet" : true, "data" : "{\"game\":\"plinko\",\"message\":\"Game\"}", "updated_at" : { "$date" : "2021-02-14T22:32:19.649+0000" }, "created_at" : { "$date" : "2021-02-14T22:32:19.649+0000" } }
{ "_id" : { "$oid" : "6029a4f4cb663e6ad4561b52" }, "user" : "6028307810b58e1ff5728522", "demo" : false, "currency" : "native_btc", "new" : 0.10062948, "old" : 0.09925838999999999, "amount" : 0.00137109, "quiet" : true, "data" : "{\"game\":\"plinko\",\"message\":\"Win\"}", "updated_at" : { "$date" : "2021-02-14T22:32:20.192+0000" }, "created_at" : { "$date" : "2021-02-14T22:32:20.192+0000" } }
{ "_id" : { "$oid" : "6029a4f4cb663e6ad4561b53" }, "user" : "6028307810b58e1ff5728522", "demo" : false, "currency" : "native_btc", "new" : 0.09925839, "old" : 0.10062948000000001, "amount" : -0.00137109, "quiet" : true, "data" : "{\"game\":\"plinko\",\"message\":\"Game\"}", "updated_at" : { "$date" : "2021-02-14T22:32:20.194+0000" }, "created_at" : { "$date" : "2021-02-14T22:32:20.194+0000" } }
{ "_id" : { "$oid" : "6029a4f722774e28d66b5f02" }, "user" : "6028307810b58e1ff5728522", "demo" : false, "currency" : "native_btc", "new" : 0.09994394, "old" : 0.099258395, "amount" : 6.85545E-4, "quiet" : true, "data" : "{\"game\":\"plinko\",\"message\":\"Win\"}", "updated_at" : { "$date" : "2021-02-14T22:32:23.738+0000" }, "created_at" : { "$date" : "2021-02-14T22:32:23.738+0000" } }
{ "_id" : { "$oid" : "6029a4f722774e28d66b5f03" }, "user" : "6028307810b58e1ff5728522", "demo" : false, "currency" : "native_btc", "new" : 0.09857285, "old" : 0.09994394000000001, "amount" : -0.00137109, "quiet" : true, "data" : "{\"game\":\"plinko\",\"message\":\"Game\"}", "updated_at" : { "$date" : "2021-02-14T22:32:23.739+0000" }, "created_at" : { "$date" : "2021-02-14T22:32:23.739+0000" } }
{ "_id" : { "$oid" : "6029a4f82cc8514fb85337c2" }, "user" : "6028307810b58e1ff5728522", "demo" : false, "currency" : "native_btc", "new" : 0.0992584, "old" : 0.098572855, "amount" : 6.85545E-4, "quiet" : true, "data" : "{\"game\":\"plinko\",\"message\":\"Win\"}", "updated_at" : { "$date" : "2021-02-14T22:32:24.289+0000" }, "created_at" : { "$date" : "2021-02-14T22:32:24.289+0000" } }
{ "_id" : { "$oid" : "6029a4f82cc8514fb85337c3" }, "user" : "6028307810b58e1ff5728522", "demo" : false, "currency" : "native_btc", "new" : 0.09788731, "old" : 0.09925840000000001, "amount" : -0.00137109, "quiet" : true, "data" : "{\"game\":\"plinko\",\"message\":\"Game\"}", "updated_at" : { "$date" : "2021-02-14T22:32:24.290+0000" }, "created_at" : { "$date" : "2021-02-14T22:32:24.290+0000" } }
{ "_id" : { "$oid" : "6029a4f899234711786fc172" }, "user" : "6028307810b58e1ff5728522", "demo" : false, "currency" : "native_btc", "new" : 0.09939551, "old" : 0.097887311, "amount" : 0.001508199, "quiet" : true, "data" : "{\"game\":\"plinko\",\"message\":\"Win\"}", "updated_at" : { "$date" : "2021-02-14T22:32:24.834+0000" }, "created_at" : { "$date" : "2021-02-14T22:32:24.834+0000" } }
{ "_id" : { "$oid" : "6029a4f899234711786fc173" }, "user" : "6028307810b58e1ff5728522", "demo" : false, "currency" : "native_btc", "new" : 0.09802442, "old" : 0.09939551, "amount" : -0.00137109, "quiet" : true, "data" : "{\"game\":\"plinko\",\"message\":\"Game\"}", "updated_at" : { "$date" : "2021-02-14T22:32:24.835+0000" }, "created_at" : { "$date" : "2021-02-14T22:32:24.835+0000" } }
{ "_id" : { "$oid" : "6029a4f93aeca435463a6872" }, "user" : "6028307810b58e1ff5728522", "demo" : false, "currency" : "native_btc", "new" : 0.09870997, "old" : 0.098024425, "amount" : 6.85545E-4, "quiet" : true, "data" : "{\"game\":\"plinko\",\"message\":\"Win\"}", "updated_at" : { "$date" : "2021-02-14T22:32:25.383+0000" }, "created_at" : { "$date" : "2021-02-14T22:32:25.383+0000" } }
{ "_id" : { "$oid" : "6029a4f93aeca435463a6873" }, "user" : "6028307810b58e1ff5728522", "demo" : false, "currency" : "native_btc", "new" : 0.09733888, "old" : 0.09870997000000001, "amount" : -0.00137109, "quiet" : true, "data" : "{\"game\":\"plinko\",\"message\":\"Game\"}", "updated_at" : { "$date" : "2021-02-14T22:32:25.385+0000" }, "created_at" : { "$date" : "2021-02-14T22:32:25.385+0000" } }
{ "_id" : { "$oid" : "6029a4f987b3ec46a4044022" }, "user" : "6028307810b58e1ff5728522", "demo" : false, "currency" : "native_btc", "new" : 0.10021817, "old" : 0.09733888099999999, "amount" : 0.002879289, "quiet" : true, "data" : "{\"game\":\"plinko\",\"message\":\"Win\"}", "updated_at" : { "$date" : "2021-02-14T22:32:25.915+0000" }, "created_at" : { "$date" : "2021-02-14T22:32:25.915+0000" } }
{ "_id" : { "$oid" : "6029a4f987b3ec46a4044023" }, "user" : "6028307810b58e1ff5728522", "demo" : false, "currency" : "native_btc", "new" : 0.09884708, "old" : 0.10021817000000001, "amount" : -0.00137109, "quiet" : true, "data" : "{\"game\":\"plinko\",\"message\":\"Game\"}", "updated_at" : { "$date" : "2021-02-14T22:32:25.917+0000" }, "created_at" : { "$date" : "2021-02-14T22:32:25.917+0000" } }
{ "_id" : { "$oid" : "6029a4fa8d2d17642378d442" }, "user" : "6028307810b58e1ff5728522", "demo" : false, "currency" : "native_btc", "new" : 0.09953263, "old" : 0.098847085, "amount" : 6.85545E-4, "quiet" : true, "data" : "{\"game\":\"plinko\",\"message\":\"Win\"}", "updated_at" : { "$date" : "2021-02-14T22:32:26.441+0000" }, "created_at" : { "$date" : "2021-02-14T22:32:26.441+0000" } }
{ "_id" : { "$oid" : "6029a4fa8d2d17642378d443" }, "user" : "6028307810b58e1ff5728522", "demo" : false, "currency" : "native_btc", "new" : 0.09816154, "old" : 0.09953263000000001, "amount" : -0.00137109, "quiet" : true, "data" : "{\"game\":\"plinko\",\"message\":\"Game\"}", "updated_at" : { "$date" : "2021-02-14T22:32:26.443+0000" }, "created_at" : { "$date" : "2021-02-14T22:32:26.443+0000" } }
{ "_id" : { "$oid" : "6029a4fad16d28162c693542" }, "user" : "6028307810b58e1ff5728522", "demo" : false, "currency" : "native_btc", "new" : 0.09953263, "old" : 0.09816153999999999, "amount" : 0.00137109, "quiet" : true, "data" : "{\"game\":\"plinko\",\"message\":\"Win\"}", "updated_at" : { "$date" : "2021-02-14T22:32:26.831+0000" }, "created_at" : { "$date" : "2021-02-14T22:32:26.831+0000" } }
{ "_id" : { "$oid" : "6029a4fad16d28162c693543" }, "user" : "6028307810b58e1ff5728522", "demo" : false, "currency" : "native_btc", "new" : 0.09816154, "old" : 0.09953263000000001, "amount" : -0.00137109, "quiet" : true, "data" : "{\"game\":\"plinko\",\"message\":\"Game\"}", "updated_at" : { "$date" : "2021-02-14T22:32:26.833+0000" }, "created_at" : { "$date" : "2021-02-14T22:32:26.833+0000" } }
{ "_id" : { "$oid" : "6029a4ff5f6599768613be62" }, "user" : "6028307810b58e1ff5728522", "demo" : false, "currency" : "native_btc", "new" : 0.09953263, "old" : 0.09816153999999999, "amount" : 0.00137109, "quiet" : true, "data" : "{\"game\":\"plinko\",\"message\":\"Win\"}", "updated_at" : { "$date" : "2021-02-14T22:32:31.410+0000" }, "created_at" : { "$date" : "2021-02-14T22:32:31.410+0000" } }
{ "_id" : { "$oid" : "6029a4ff5f6599768613be63" }, "user" : "6028307810b58e1ff5728522", "demo" : false, "currency" : "native_btc", "new" : 0.09816154, "old" : 0.09953263000000001, "amount" : -0.00137109, "quiet" : true, "data" : "{\"game\":\"plinko\",\"message\":\"Game\"}", "updated_at" : { "$date" : "2021-02-14T22:32:31.412+0000" }, "created_at" : { "$date" : "2021-02-14T22:32:31.412+0000" } }
{ "_id" : { "$oid" : "6029a4ff74588354d952bf22" }, "user" : "6028307810b58e1ff5728522", "demo" : false, "currency" : "native_btc", "new" : 0.09953263, "old" : 0.09816153999999999, "amount" : 0.00137109, "quiet" : true, "data" : "{\"game\":\"plinko\",\"message\":\"Win\"}", "updated_at" : { "$date" : "2021-02-14T22:32:31.966+0000" }, "created_at" : { "$date" : "2021-02-14T22:32:31.966+0000" } }
{ "_id" : { "$oid" : "6029a4ff74588354d952bf23" }, "user" : "6028307810b58e1ff5728522", "demo" : false, "currency" : "native_btc", "new" : 0.09816154, "old" : 0.09953263000000001, "amount" : -0.00137109, "quiet" : true, "data" : "{\"game\":\"plinko\",\"message\":\"Game\"}", "updated_at" : { "$date" : "2021-02-14T22:32:31.968+0000" }, "created_at" : { "$date" : "2021-02-14T22:32:31.968+0000" } }
{ "_id" : { "$oid" : "6029a500a4cb4c0fb45de682" }, "user" : "6028307810b58e1ff5728522", "demo" : false, "currency" : "native_btc", "new" : 0.09966974, "old" : 0.098161541, "amount" : 0.001508199, "quiet" : true, "data" : "{\"game\":\"plinko\",\"message\":\"Win\"}", "updated_at" : { "$date" : "2021-02-14T22:32:32.679+0000" }, "created_at" : { "$date" : "2021-02-14T22:32:32.679+0000" } }
{ "_id" : { "$oid" : "6029a500a4cb4c0fb45de683" }, "user" : "6028307810b58e1ff5728522", "demo" : false, "currency" : "native_btc", "new" : 0.09829865, "old" : 0.09966974, "amount" : -0.00137109, "quiet" : true, "data" : "{\"game\":\"plinko\",\"message\":\"Game\"}", "updated_at" : { "$date" : "2021-02-14T22:32:32.680+0000" }, "created_at" : { "$date" : "2021-02-14T22:32:32.680+0000" } }
{ "_id" : { "$oid" : "6029a501c7e3bb68e8496222" }, "user" : "6028307810b58e1ff5728522", "demo" : false, "currency" : "native_btc", "new" : 0.09980685, "old" : 0.098298651, "amount" : 0.001508199, "quiet" : true, "data" : "{\"game\":\"plinko\",\"message\":\"Win\"}", "updated_at" : { "$date" : "2021-02-14T22:32:33.227+0000" }, "created_at" : { "$date" : "2021-02-14T22:32:33.227+0000" } }
{ "_id" : { "$oid" : "6029a501c7e3bb68e8496223" }, "user" : "6028307810b58e1ff5728522", "demo" : false, "currency" : "native_btc", "new" : 0.09843576, "old" : 0.09980685, "amount" : -0.00137109, "quiet" : true, "data" : "{\"game\":\"plinko\",\"message\":\"Game\"}", "updated_at" : { "$date" : "2021-02-14T22:32:33.229+0000" }, "created_at" : { "$date" : "2021-02-14T22:32:33.229+0000" } }
{ "_id" : { "$oid" : "6029a502a895c63f104f8f52" }, "user" : "6028307810b58e1ff5728522", "demo" : false, "currency" : "native_btc", "new" : 0.09980685, "old" : 0.09843576, "amount" : 0.00137109, "quiet" : true, "data" : "{\"game\":\"plinko\",\"message\":\"Win\"}", "updated_at" : { "$date" : "2021-02-14T22:32:34.411+0000" }, "created_at" : { "$date" : "2021-02-14T22:32:34.411+0000" } }
{ "_id" : { "$oid" : "6029a502a895c63f104f8f53" }, "user" : "6028307810b58e1ff5728522", "demo" : false, "currency" : "native_btc", "new" : 0.09843576, "old" : 0.09980685, "amount" : -0.00137109, "quiet" : true, "data" : "{\"game\":\"plinko\",\"message\":\"Game\"}", "updated_at" : { "$date" : "2021-02-14T22:32:34.413+0000" }, "created_at" : { "$date" : "2021-02-14T22:32:34.413+0000" } }
{ "_id" : { "$oid" : "6029a50c86d69b47ba5b35b2" }, "user" : "6028307810b58e1ff5728522", "demo" : false, "currency" : "native_btc", "new" : 0.0989842, "old" : 0.098435764, "amount" : 5.48436E-4, "quiet" : true, "data" : "{\"game\":\"plinko\",\"message\":\"Win\"}", "updated_at" : { "$date" : "2021-02-14T22:32:44.047+0000" }, "created_at" : { "$date" : "2021-02-14T22:32:44.047+0000" } }
{ "_id" : { "$oid" : "6029a50c86d69b47ba5b35b3" }, "user" : "6028307810b58e1ff5728522", "demo" : false, "currency" : "native_btc", "new" : 0.09761311, "old" : 0.09898420000000001, "amount" : -0.00137109, "quiet" : true, "data" : "{\"game\":\"plinko\",\"message\":\"Game\"}", "updated_at" : { "$date" : "2021-02-14T22:32:44.049+0000" }, "created_at" : { "$date" : "2021-02-14T22:32:44.049+0000" } }
{ "_id" : { "$oid" : "6029a50ca6816970956e45a2" }, "user" : "6028307810b58e1ff5728522", "demo" : false, "currency" : "native_btc", "new" : 0.09857287, "old" : 0.097613107, "amount" : 9.597629999999999E-4, "quiet" : true, "data" : "{\"game\":\"plinko\",\"message\":\"Win\"}", "updated_at" : { "$date" : "2021-02-14T22:32:44.589+0000" }, "created_at" : { "$date" : "2021-02-14T22:32:44.589+0000" } }
{ "_id" : { "$oid" : "6029a50ca6816970956e45a3" }, "user" : "6028307810b58e1ff5728522", "demo" : false, "currency" : "native_btc", "new" : 0.09720178, "old" : 0.09857287, "amount" : -0.00137109, "quiet" : true, "data" : "{\"game\":\"plinko\",\"message\":\"Game\"}", "updated_at" : { "$date" : "2021-02-14T22:32:44.591+0000" }, "created_at" : { "$date" : "2021-02-14T22:32:44.591+0000" } }
{ "_id" : { "$oid" : "6029a522c18c9b76d4400472" }, "user" : "6028307810b58e1ff5728522", "demo" : false, "currency" : "native_btc", "new" : 0.09620178, "old" : 0.09720178, "amount" : -0.001, "quiet" : false, "data" : "{\"game\":\"mines\",\"message\":\"Game\"}", "updated_at" : { "$date" : "2021-02-14T22:33:06.687+0000" }, "created_at" : { "$date" : "2021-02-14T22:33:06.687+0000" } }
{ "_id" : { "$oid" : "6029a53b3008da33c861c792" }, "user" : "6028307810b58e1ff5728522", "demo" : false, "currency" : "native_btc", "new" : 0.09520178, "old" : 0.09620178, "amount" : -0.001, "quiet" : false, "data" : "{\"game\":\"tower\",\"message\":\"Game\"}", "updated_at" : { "$date" : "2021-02-14T22:33:31.985+0000" }, "created_at" : { "$date" : "2021-02-14T22:33:31.985+0000" } }
{ "_id" : { "$oid" : "6029a5444a48f051c612f972" }, "user" : "6028307810b58e1ff5728522", "demo" : false, "currency" : "native_btc", "new" : 0.09420178, "old" : 0.09520178, "amount" : -0.001, "quiet" : false, "data" : "{\"game\":\"tower\",\"message\":\"Game\"}", "updated_at" : { "$date" : "2021-02-14T22:33:40.316+0000" }, "created_at" : { "$date" : "2021-02-14T22:33:40.316+0000" } }
{ "_id" : { "$oid" : "6029bc146645d5468367dd32" }, "user" : "6028307810b58e1ff5728522", "demo" : false, "currency" : "native_eth", "new" : 1.6522E-4, "old" : -1.8930023020847283E-9, "amount" : 1.6522189300230208E-4, "quiet" : false, "data" : "{\"message\":\"Faucet\"}", "updated_at" : { "$date" : "2021-02-15T00:11:00.119+0000" }, "created_at" : { "$date" : "2021-02-15T00:11:00.119+0000" } }
